INSTRUMENT_ID;INSTRUMENT_TYPE;TRADE_CODE
5771;Акция обыкновенная;CBOM
5163;Облигация биржевая;RU000A0JU898
5896;Облигация биржевая;RU000A0JUQQ5
5897;Облигация биржевая;RU000A0JUQR3
5898;Облигация биржевая;
5899;Облигация биржевая;
5900;Облигация биржевая;
5901;Облигация биржевая;
10558;Облигация субфедеральная;RU000A0ZYCD1
10694;Облигация муниципальная;RU000A0ZYJ00
9589;Облигация муниципальная;RU000A0JWWQ9
3762;Акция обыкновенная;ALRS
4492;Облигация биржевая;
4493;Облигация биржевая;
4494;Облигация биржевая;
4495;Облигация биржевая;
10824;Облигация биржевая;RU000A0ZYR18
3999;Облигация корпоративная;RU000A0JRJC6
4475;Облигация корпоративная;RU000A0JT593
10560;Облигация биржевая;RU000A0ZYCJ8
10819;Облигация биржевая;RU000A0ZYQX9
2537;Облигация корпоративная;RU000A0JQAL8
2538;Облигация корпоративная;RU000A0JQAM6
2931;Облигация корпоративная;RU000A0JQXG0
2929;Облигация корпоративная;RU000A0JR5F7
3399;Облигация корпоративная;RU000A0JRDY3
2930;Облигация корпоративная;RU000A0JR6S8
4138;Облигация корпоративная;RU000A0JS488
4622;Облигация корпоративная;RU000A0JTDX1
5000;Облигация корпоративная;RU000A0JTW83
6101;Облигация корпоративная;RU000A0JV4R9
10945;Облигация биржевая;RU000A0ZZ1N0
11047;Облигация биржевая;RU000A0ZZ7C0
3516;Облигация корпоративная;RU000A0JRJB8
3517;Облигация корпоративная;RU000A0JRJL7
4140;Облигация корпоративная;RU000A0JS4J1
4141;Облигация корпоративная;RU000A0JS4K9
4142;Облигация корпоративная;RU000A0JS4L7
10601;Облигация биржевая;RU000A0ZYDA5
9495;Облигация биржевая;
9496;Облигация биржевая;
9499;Облигация биржевая;RU000A0JWVL2
9500;Облигация биржевая;RU000A0ZZBV2
10841;Облигация биржевая;RU000A0ZYTZ8
2670;Облигация корпоративная;RU000A0JQK64
2671;Облигация корпоративная;RU000A0JQK72
3558;Облигация корпоративная;RU000A0JRLE8
3735;Облигация корпоративная;RU000A0JRVN8
4197;Облигация корпоративная;RU000A0JS6N8
4199;Облигация корпоративная;RU000A0JT874
4994;Облигация корпоративная;RU000A0JTVJ2
5309;Облигация корпоративная;RU000A0JU1Q8
5310;Облигация корпоративная;RU000A0JUAD7
11279;Пай биржевого ПИФа;SBMX
9934;Облигация биржевая;RU000A0JXQ85
3104;Облигация биржевая;RU000A0JWM31
5531;Облигация корпоративная;RU000A0JU9K4
6229;Облигация корпоративная;RU000A0JV0T3
9272;Облигация биржевая;RU000A0JWJF9
10490;Облигация биржевая;RU000A0ZZ2W9
3184;Пай закрытого ПИФа;RU000A0JR3X5
9420;Облигация биржевая;RU000A0JWLG3
10531;Облигация биржевая;RU000A0ZYA66
99;Акция обыкновенная;VTBR
10695;Облигация биржевая;RU000A0ZYKF9
10696;Облигация биржевая;RU000A0ZYKG7
11013;Облигация биржевая;
11259;Облигация биржевая;RU000A0ZZH84
11315;Облигация биржевая;
11383;Облигация биржевая;
11487;Облигация биржевая;
5325;Облигация биржевая;RU000A0JUQE1
9858;Облигация биржевая;
9859;Облигация биржевая;
9860;Облигация биржевая;
9861;Облигация биржевая;
5329;Облигация биржевая;RU000A0JV3Q3
9862;Облигация биржевая;
9876;Облигация биржевая;
9877;Облигация биржевая;
9878;Облигация биржевая;
9879;Облигация биржевая;
9880;Облигация биржевая;
9663;Облигация биржевая;
9881;Облигация биржевая;
9664;Облигация биржевая;
9882;Облигация биржевая;
9665;Облигация биржевая;
9883;Облигация биржевая;
9666;Облигация биржевая;
9884;Облигация биржевая;
9667;Облигация биржевая;
9885;Облигация биржевая;
9668;Облигация биржевая;
9669;Облигация биржевая;
5342;Облигация биржевая;RU000A0JU773
9670;Облигация биржевая;
9671;Облигация биржевая;
9672;Облигация биржевая;
11368;Облигация биржевая;RU000A0ZZUY6
11369;Облигация биржевая;RU000A0ZZV78
11370;Облигация биржевая;RU000A0ZZVB2
11371;Облигация биржевая;RU000A0ZZVC0
11372;Облигация биржевая;RU000A0ZZVN7
11373;Облигация биржевая;
11374;Облигация биржевая;
11375;Облигация биржевая;
11376;Облигация биржевая;
11377;Облигация биржевая;
11378;Облигация биржевая;
11379;Облигация биржевая;
11380;Облигация биржевая;
11381;Облигация биржевая;
11382;Облигация биржевая;
11007;Акции иностранного биржевого инвестиционного фонда;RUSB
11006;Акции иностранного биржевого инвестиционного фонда;RUSE
10541;Облигация субфедеральная;RU000A0ZYB40
3166;Облигация корпоративная;RU000A0JR3H8
3167;Облигация корпоративная;RU000A0JR3G0
3392;Облигация корпоративная;RU000A0JRCX7
3701;Облигация корпоративная;RU000A0JRTN2
4479;Облигация корпоративная;RU000A0JT403
4489;Облигация корпоративная;RU000A0JT6B2
4154;Облигация корпоративная;RU000A0JS4Z7
5571;Облигация корпоративная;RU000A0JUBA1
9303;Облигация биржевая;RU000A0JW6P7
9373;Облигация биржевая;RU000A0JWG96
9488;Облигация биржевая;RU000A0JWNE4
5100;Облигация биржевая;RU000A0JUD83
9502;Облигация биржевая;RU000A0JWNJ3
5101;Облигация биржевая;RU000A0JVQA7
9783;Облигация биржевая;RU000A0JX4Q9
9994;Облигация биржевая;RU000A0JXRP9
10364;Облигация биржевая;RU000A0JXU48
10397;Облигация биржевая;RU000A0JXU71
10728;Облигация биржевая;RU000A0ZYLH3
11282;Облигация биржевая;
11283;Облигация биржевая;
11284;Облигация биржевая;
11285;Облигация биржевая;
11286;Облигация биржевая;
11287;Облигация биржевая;
11404;Облигация биржевая;RU000A0ZZSM5
10730;Облигация биржевая;RU000A0ZYLJ9
11401;Облигация биржевая;RU000A0ZZSQ6
11400;Облигация биржевая;RU000A0ZZSR4
11399;Облигация биржевая;RU000A0ZZST0
11398;Облигация биржевая;RU000A0ZZSS2
11397;Облигация биржевая;RU000A0ZZSU8
11441;Облигация биржевая;
11481;Облигация биржевая;
11482;Облигация биржевая;
11483;Облигация биржевая;
11484;Облигация биржевая;
11485;Облигация биржевая;
11486;Облигация биржевая;
11048;Облигация биржевая;
5617;Облигация субфедеральная;RU000A0JUCZ6
9197;Облигация субфедеральная;RU000A0JW1K9
10742;Облигация субфедеральная;RU000A0ZYMJ7
10603;Облигация субфедеральная;RU000A0ZYD55
10740;Облигация субфедеральная;RU000A0ZYM47
5976;Облигация субфедеральная;RU000A0JUQF8
9392;Облигация субфедеральная;RU000A0JWHN7
10048;Облигация субфедеральная;RU000A0JXS83
11256;Облигация субфедеральная;RU000A0ZZEM5
11457;Облигация биржевая;RU000A0ZZRR6
4063;Облигации иностранного эмитента;RU000A0JR050
4139;Облигации иностранного эмитента;RU000A0JR043
5299;Облигации иностранного эмитента;RU000A0JS8X3
5416;Облигации иностранного эмитента;RU000A0JS8Y1
5417;Облигации иностранного эмитента;RU000A0JS8Z8
5431;Облигации иностранного эмитента;RU000A0JS900
5876;Облигации иностранного эмитента;RU000A0JS918
9249;Облигации иностранного эмитента;RU000A0JS926
10685;Облигации иностранного эмитента;RU000A0JS934
11192;Облигация биржевая;RU000A0ZZDB0
5931;Облигация корпоративная;RU000A0JUNU4
4305;Облигация корпоративная;RU000A0JS9X1
6111;Облигация биржевая;RU000A0JWC74
6112;Облигация биржевая;
6113;Облигация биржевая;
6114;Облигация биржевая;
6115;Облигация биржевая;RU000A0JVFJ1
6116;Облигация биржевая;
9358;Облигация биржевая;
9357;Облигация биржевая;
9356;Облигация биржевая;
9355;Облигация биржевая;
9354;Облигация биржевая;
9353;Облигация биржевая;
10815;Депозитарные расписки иностранного эмитента на акции;FIVE
5081;Депозитарные расписки иностранного эмитента на акции;QIWI
8572;Облигация субфедеральная;RU000A0JV2J0
10703;Облигация субфедеральная;RU000A0ZYHX8
10715;Облигация субфедеральная;RU000A0ZYKJ1
5923;Акции иностранного эмитента;YNDX
5763;Депозитарные расписки иностранного эмитента на акции;LNTA
8920;Облигация субфедеральная;RU000A0JVK00
5347;Облигация субфедеральная;RU000A0JU2H5
5992;Облигация субфедеральная;RU000A0JUQP7
9440;Облигация субфедеральная;RU000A0JWM56
10052;Облигация субфедеральная;RU000A0JXT41
11105;Облигация субфедеральная;RU000A0ZZ9P8
11458;Облигация субфедеральная;RU000A0ZZSW4
9156;Облигация субфедеральная;RU000A0JVZE0
10485;Облигация субфедеральная;RU000A0JXYS9
11075;Облигация субфедеральная;RU000A0ZZ8X4
8993;Облигация субфедеральная;RU000A0JVS10
9067;Облигация субфедеральная;RU000A0JVWM0
9616;Облигация субфедеральная;RU000A0JWXF0
10564;Облигация субфедеральная;RU000A0ZYCM2
10621;Облигация субфедеральная;RU000A0ZYFB8
11150;Облигация субфедеральная;RU000A0ZZC48
11328;Облигация субфедеральная;RU000A0ZZM87
5359;Облигация субфедеральная;RU000A0JU3B6
8976;Облигация субфедеральная;RU000A0JVPR3
10607;Облигация субфедеральная;RU000A0ZYDQ1
9422;Облигация субфедеральная;RU000A0JWLD0
11477;Облигация субфедеральная;RU000A0ZZUT6
6164;Облигация субфедеральная;RU000A0JUX89
9612;Облигация субфедеральная;RU000A0JWX87
5950;Облигация субфедеральная;RU000A0JUPE3
8941;Облигация субфедеральная;RU000A0JVM81
10716;Облигация субфедеральная;RU000A0ZYKH5
5927;Облигация субфедеральная;RU000A0JUN81
8929;Облигация субфедеральная;RU000A0JVKF9
9683;Облигация субфедеральная;RU000A0JWZM1
10401;Облигация субфедеральная;RU000A0JXUD9
10498;Облигация субфедеральная;RU000A0JY031
5977;Облигация субфедеральная;RU000A0JUQH4
8883;Облигация субфедеральная;RU000A0JVEH8
9386;Облигация субфедеральная;RU000A0JWGT6
9976;Облигация субфедеральная;RU000A0JXR43
11061;Облигация субфедеральная;RU000A0ZZ7E6
11384;Облигация субфедеральная;RU000A0ZZNJ2
4104;Еврооблигация;XS0504954347
4229;Еврооблигация;XS0767472458
4230;Еврооблигация;XS0767473852
5178;Еврооблигация;XS0971721377
5403;Еврооблигация;XS0971721450
5397;Еврооблигация;XS0971721963
9402;Еврооблигация;RU000A0JWHA4
10426;Еврооблигация;RU000A0JXTS9
10425;Еврооблигация;RU000A0JXU14
10929;Еврооблигация;RU000A0ZYYN4
5402;Еврооблигация;XS0971722342
9699;Облигация федерального займа;SU24019RMFS0
10597;Облигация федерального займа;SU25083RMFS5
4087;Облигация федерального займа;SU26205RMFS3
4134;Облигация федерального займа;SU26207RMFS9
4143;Облигация федерального займа;SU26208RMFS7
4389;Облигация федерального займа;SU26209RMFS5
4654;Облигация федерального займа;SU26210RMFS3
4791;Облигация федерального займа;SU26211RMFS1
4793;Облигация федерального займа;SU26212RMFS9
5179;Облигация федерального займа;SU26214RMFS5
5374;Облигация федерального займа;SU26215RMFS2
5547;Облигация федерального займа;SU26216RMFS0
9070;Облигация федерального займа;SU26217RMFS8
8657;Облигация федерального займа;SU26218RMFS6
9438;Облигация федерального займа;SU26219RMFS4
9805;Облигация федерального займа;SU26220RMFS2
9817;Облигация федерального займа;SU26221RMFS0
9950;Облигация федерального займа;SU26222RMFS8
10848;Облигация федерального займа;SU26223RMFS6
10853;Облигация федерального займа;SU26224RMFS4
10855;Облигация федерального займа;SU26225RMFS1
8651;Облигация федерального займа;SU29006RMFS2
8652;Облигация федерального займа;SU29007RMFS0
8648;Облигация федерального займа;SU29008RMFS8
8649;Облигация федерального займа;SU29009RMFS6
8650;Облигация федерального займа;SU29010RMFS4
8655;Облигация федерального займа;SU29011RMFS2
9700;Облигация федерального займа;SU29012RMFS0
4090;Облигация федерального займа;SU46005RMFS3
4092;Облигация федерального займа;SU46011RMFS1
4093;Облигация федерального займа;SU46012RMFS9
4096;Облигация федерального займа;SU46018RMFS6
4097;Облигация федерального займа;SU46019RMFS4
4098;Облигация федерального займа;SU46020RMFS2
4100;Облигация федерального займа;SU46022RMFS8
4101;Облигация федерального займа;SU46023RMFS6
8942;Облигация федерального займа;SU52001RMFS3
10919;Облигация федерального займа;SU52002RMFS1
9937;Облигация федерального займа;SU53001RMFS2
10534;Облигация федерального займа;SU53002RMFS0
10912;Облигация федерального займа;SU53003RMFS8
1269;Еврооблигация;XS0088543193
1242;Еврооблигация;US78307AAE38
1271;Еврооблигация;XS0114288789
1245;Еврооблигация;US78307ACZ49
9634;Облигация субфедеральная;RU000A0JWZ77
10610;Облигация субфедеральная;RU000A0ZYDU3
11431;Облигация субфедеральная;RU000A0ZZQH9
5528;Облигация субфедеральная;RU000A0JU9G2
9630;Облигация субфедеральная;RU000A0JWY29
9054;Облигация субфедеральная;RU000A0JVUW3
11433;Облигация субфедеральная;RU000A0ZZQQ0
5995;Облигация субфедеральная;RU000A0JUR46
9555;Облигация субфедеральная;RU000A0JWUV3
10544;Облигация субфедеральная;RU000A0ZYBD3
11394;Облигация субфедеральная;RU000A0ZZPB4
10744;Облигация субфедеральная;RU000A0ZYML3
9692;Облигация субфедеральная;RU000A0JX0B9
9768;Облигация корпоративная;RU000A0JX3M0
9991;Облигация корпоративная;RU000A0JXRM6
10024;Облигация корпоративная;RU000A0JXS26
10707;Облигация корпоративная;RU000A0ZYJT2
10738;Облигация корпоративная;RU000A0ZYLX0
10753;Облигация корпоративная;RU000A0ZYL89
11388;Облигация корпоративная;RU000A0ZZNW5
11274;Облигация корпоративная;RU000A0ZZCH9
11489;Облигация корпоративная;RU000A0ZZV86
9563;Облигация биржевая;RU000A0JWUD1
9995;Облигация биржевая;RU000A0JXRS3
10921;Облигация биржевая;RU000A0ZZ083
4975;Облигация биржевая;RU000A0JVUX1
4976;Облигация биржевая;RU000A0JW9G0
4977;Облигация биржевая;RU000A0JWG05
4978;Облигация биржевая;RU000A0JWPL4
9708;Облигация корпоративная;RU000A0JX0L8
8570;Облигация корпоративная;RU000A0JV2C5
9561;Облигация корпоративная;RU000A0JWU80
9252;Облигация корпоративная;RU000A0JW316
9175;Облигация корпоративная;RU000A0JVZJ9
9337;Облигация корпоративная;RU000A0JWGW0
9565;Облигация корпоративная;RU000A0JWVB3
9908;Облигация корпоративная;RU000A0JXP29
10693;Облигация корпоративная;RU000A0ZYHU4
9867;Облигация корпоративная;RU000A0JXN62
10690;Облигация корпоративная;RU000A0ZYH51
11439;Облигация корпоративная;RU000A0ZZR58
4926;Облигация корпоративная;RU000A0JTR72
4927;Облигация корпоративная;RU000A0JTR80
4915;Облигация корпоративная;RU000A0JTQB9
9986;Облигация биржевая;RU000A0JXRX3
5267;Облигация биржевая;RU000A0JVP05
5270;Облигация биржевая;RU000A0JVRN8
8900;Облигация корпоративная;RU000A0JVF98
8937;Облигация корпоративная;RU000A0JVLA8
9558;Облигация корпоративная;RU000A0JWU31
9559;Облигация корпоративная;RU000A0JWU23
10542;Облигация корпоративная;RU000A0ZYBA9
10679;Облигация корпоративная;
10680;Облигация корпоративная;
739;Пай закрытого ПИФа;RU000A0JNUN9
150;Акция обыкновенная;BSPB
5201;Акции иностранного эмитента;POLY
8933;Облигация субфедеральная;RU000A0JVL33
9396;Облигация субфедеральная;RU000A0JWKB6
5313;Облигация субфедеральная;RU000A0JU286
5974;Облигация субфедеральная;RU000A0JUQB7
10053;Облигация субфедеральная;RU000A0JXTW1
779;Облигация субфедеральная;RU000A0JNYN1
5234;Облигация субфедеральная;RU000A0JTZK1
5409;Облигация субфедеральная;RU000A0JU674
6147;Облигация субфедеральная;RU000A0JUWT7
6144;Облигация субфедеральная;RU000A0JUWB5
9737;Облигация субфедеральная;RU000A0JX215
10720;Облигация субфедеральная;RU000A0ZYKW4
9712;Облигация субфедеральная;RU000A0JX0Z8
182;Акция обыкновенная;AKRN
4825;Облигация корпоративная;RU000A0JTM28
4841;Облигация корпоративная;RU000A0JTM36
4842;Облигация корпоративная;RU000A0JTM44
4843;Облигация корпоративная;RU000A0JTM51
136;Акция обыкновенная;AFKS
9894;Облигация биржевая;RU000A0JXN21
10823;Облигация биржевая;RU000A0ZYQY7
10867;Облигация биржевая;RU000A0ZYWU3
180;Акция обыкновенная;AFLT
10936;Облигация биржевая;RU000A0ZZ1H2
215;Акция обыкновенная;GAZP
3604;Облигация биржевая;RU000A0ZZER4
3619;Облигация биржевая;RU000A0ZZES2
3620;Облигация биржевая;RU000A0ZZET0
216;Акция обыкновенная;GMKN
95;Акция обыкновенная;PIKK
9831;Облигация биржевая;RU000A0JXK40
9936;Облигация биржевая;RU000A0JXQ93
10450;Облигация биржевая;RU000A0JXY44
10941;Облигация биржевая;RU000A0ZZ1M2
11003;Облигация биржевая;RU000A0ZZ3S5
11141;Облигация биржевая;RU000A0ZZAW2
11146;Облигация биржевая;RU000A0ZZBJ7
120;Акция обыкновенная;LSRG
9556;Облигация биржевая;RU000A0JWU98
9916;Облигация биржевая;RU000A0JXPM0
10548;Облигация биржевая;RU000A0ZYBV5
9027;Облигация биржевая;RU000A0JVUJ0
5775;Акция обыкновенная;DSKY
3504;Облигация биржевая;
8647;Акция обыкновенная;IRAO
123;Акция обыкновенная;MVID
9484;Облигация корпоративная;RU000A0JWN63
9486;Облигация корпоративная;RU000A0JWN89
272;Акция обыкновенная;MGNT
18;Акция обыкновенная;MAGN
1660;Акция обыкновенная;MTLR
1496;Акция привилегированная;MTLRP
283;Акция обыкновенная;MTSS
3191;Облигация корпоративная;RU000A0JR4J2
4932;Облигация биржевая;RU000A0JTTA5
9815;Облигация биржевая;RU000A0JXEV5
4933;Облигация биржевая;RU000A0JWRV9
9887;Облигация биржевая;RU000A0JXMH7
10624;Облигация биржевая;RU000A0ZYFC6
10699;Облигация биржевая;RU000A0ZYJ83
10888;Облигация биржевая;RU000A0ZYWX7
10889;Облигация биржевая;RU000A0ZYWY5
4834;Акция обыкновенная;MOEX
8808;Акция обыкновенная;UWGN
268;Акция обыкновенная;LKOH
23;Акция обыкновенная;ROSN
4526;Облигация корпоративная;RU000A0JT940
4527;Облигация корпоративная;RU000A0JT965
5164;Облигация корпоративная;RU000A0JTYL2
4956;Облигация корпоративная;RU000A0JTS06
4957;Облигация корпоративная;RU000A0JTS22
5165;Облигация корпоративная;RU000A0JTYM0
5166;Облигация корпоративная;RU000A0JTYN8
9723;Облигация биржевая;RU000A0JX132
10701;Облигация биржевая;RU000A0ZYJH7
10702;Облигация биржевая;RU000A0ZYJJ3
10732;Облигация биржевая;RU000A0ZYLG5
9946;Облигация биржевая;RU000A0JXQK2
10835;Облигация биржевая;RU000A0ZYT40
9975;Облигация биржевая;RU000A0JXR68
10882;Облигация биржевая;RU000A0ZYVU5
10448;Облигация биржевая;RU000A0JXXD3
10449;Облигация биржевая;RU000A0JXXE1
10563;Облигация биржевая;RU000A0ZYCP5
286;Акция обыкновенная;NLMK
9131;Акция обыкновенная;NKHP
302;Акция обыкновенная;PLZL
6035;Облигация биржевая;RU000A0JVMD0
6036;Облигация биржевая;RU000A0JVM99
6037;Облигация биржевая;RU000A0JVMB4
1717;Акция обыкновенная;RSTI
1718;Акция привилегированная;RSTIP
313;Акция обыкновенная;RTKM
314;Акция привилегированная;RTKMP
4232;Облигация биржевая;RU000A0JVFC6
9554;Облигация биржевая;RU000A0JWTN2
9921;Облигация биржевая;RU000A0JXPN8
10636;Облигация биржевая;RU000A0ZYG52
10899;Облигация биржевая;RU000A0ZYYE3
9162;Акция обыкновенная;SFIN
1201;Акция обыкновенная;SVAV
1186;Акция обыкновенная;SBER
1187;Акция привилегированная;SBERP
9075;Облигация корпоративная;RU000A0JVWL2
10550;Облигация биржевая;RU000A0ZYBS1
10863;Облигация биржевая;RU000A0ZYUJ0
10937;Облигация биржевая;RU000A0ZZ117
11149;Облигация биржевая;RU000A0ZZBN9
11191;Облигация биржевая;RU000A0ZZE20
4708;Облигация биржевая;RU000A0JWH46
4709;Облигация биржевая;RU000A0JXRW5
4727;Облигация биржевая;RU000A0JWUE9
195;Акция обыкновенная;CHMF
3687;Акция обыкновенная;SELG
4256;Акция привилегированная;SELGP
5202;Облигация корпоративная;RU000A0JTZ49
10891;Облигация корпоративная;RU000A0ZYX28
10892;Облигация корпоративная;RU000A0ZYWZ2
5621;Облигация биржевая;RU000A0JUFL9
5639;Облигация биржевая;RU000A0JWPA7
5642;Облигация биржевая;RU000A0ZYJR6
1183;Акция обыкновенная;TATN
1184;Акция привилегированная;TATNP
1209;Акция обыкновенная;TGKA
11000;Облигация биржевая;
5576;Облигация биржевая;RU000A0JUUG8
5840;Облигация биржевая;RU000A0JUWW1
5841;Облигация биржевая;RU000A0JUX30
5842;Облигация биржевая;RU000A0JUWA7
5843;Облигация биржевая;RU000A0JUXT5
1230;Акция привилегированная;TRNFP
2679;Облигация корпоративная;RU000A0JQCR1
10602;Облигация биржевая;RU000A0ZYDD9
10843;Облигация биржевая;RU000A0ZYUS1
10998;Облигация биржевая;RU000A0ZZ349
105;Акция обыкновенная;TRMK
141;Акция обыкновенная;HYDR
4847;Облигация корпоративная;RU000A0JTMG7
4848;Облигация корпоративная;RU000A0JTMK9
8843;Облигация корпоративная;RU000A0JVD25
9335;Облигация биржевая;RU000A0JWCB3
10346;Облигация биржевая;RU000A0JXTQ3
1477;Акция обыкновенная;FEES
11424;Облигация биржевая;RU000A0ZZQN7
4279;Облигация биржевая;RU000A0JX090
4280;Облигация биржевая;RU000A0ZYDH0
4161;Акция обыкновенная;PHOR
4531;Облигация биржевая;RU000A0ZYPG6
4532;Облигация биржевая;RU000A0JWTH4
293;Акция обыкновенная;ENRU
291;Акция обыкновенная;UPRO
8824;Облигация биржевая;RU000A0JVC59
8825;Облигация биржевая;RU000A0JVC67
7064;Облигация биржевая;
9850;Облигация биржевая;RU000A0JXLR8
5803;Облигация биржевая;RU000A0JV573
5804;Облигация биржевая;
5805;Облигация биржевая;
9654;Акция обыкновенная;RNFT
278;Акция обыкновенная;MSNG
1714;Облигация биржевая;
1716;Облигация биржевая;
7046;Депозитарные расписки иностранного эмитента на акции;AGRO
5926;Облигация субфедеральная;RU000A0JUNK5
5007;Облигация субфедеральная;RU000A0JTVZ8
11425;Облигация субфедеральная;RU000A0ZZR33
5723;Акции иностранного биржевого инвестиционного фонда;FXCN
4844;Акции иностранного биржевого инвестиционного фонда;FXRB
5485;Акции иностранного биржевого инвестиционного фонда;FXDE
5496;Акции иностранного биржевого инвестиционного фонда;FXJP
5498;Акции иностранного биржевого инвестиционного фонда;FXUK
5500;Акции иностранного биржевого инвестиционного фонда;FXIT
5566;Акции иностранного биржевого инвестиционного фонда;FXRU
11393;Акции иностранного биржевого инвестиционного фонда;FXKZ
5430;Акции иностранного биржевого инвестиционного фонда;FXGD
9540;Облигация субфедеральная;RU000A0JWT75
10433;Облигация субфедеральная;RU000A0JXVH8
10698;Облигация субфедеральная;RU000A0ZYJ18
10625;Депозитарные расписки иностранного эмитента на акции;ENPL
8787;Акции иностранного эмитента;RUAL
4222;Облигация корпоративная;RU000A0JS6S7
4223;Облигация корпоративная;RU000A0JS6T5
9058;Облигация корпоративная;RU000A0JVVA7
9199;Облигация корпоративная;RU000A0JW1G7
5308;Облигация муниципальная;RU000A0JU1T2
9026;Облигация муниципальная;RU000A0JVUD3
9388;Облигация муниципальная;RU000A0JWHW8
10688;Облигация муниципальная;RU000A0ZYH93
9547;Облигация биржевая;RU000A0JWTV5
9702;Облигация биржевая;RU000A0JX199
9807;Облигация биржевая;RU000A0JXE06
5808;Облигация биржевая;RU000A0JVA10
9918;Облигация биржевая;RU000A0JXPG2
8966;Облигация биржевая;RU000A0JVWD9
10494;Облигация биржевая;RU000A0JY023
8967;Облигация биржевая;RU000A0JVWJ6
10535;Облигация биржевая;RU000A0ZYAP9
8968;Облигация биржевая;RU000A0JW1P8
10752;Облигация биржевая;RU000A0ZYNY4
9483;Облигация биржевая;RU000A0JWST1
10825;Облигация биржевая;RU000A0ZYR91
10932;Облигация биржевая;RU000A0ZZ1J8
11073;Облигация биржевая;RU000A0ZZ984
11134;Облигация биржевая;RU000A0ZZAL5
11476;Облигация биржевая;RU000A0ZZV11
289;Акция обыкновенная;NVTK
9072;Облигация корпоративная;RU000A0JWB59
5155;Облигация биржевая;RU000A0JU0B2
4488;Облигация корпоративная;RU000A0JT6J5
9271;Облигация корпоративная;RU000A0JW5K0
11432;Облигация биржевая;RU000A0ZZQU2
11474;Облигация биржевая;RU000A0ZZUL3
4547;Облигация биржевая;RU000A0JWTK8
4548;Облигация биржевая;RU000A0JX0P9
4549;Облигация биржевая;RU000A0JXTF6
4550;Облигация биржевая;RU000A0ZYAE3
4551;Облигация биржевая;RU000A0ZYHK5
6176;Облигация биржевая;RU000A0JXP45
6177;Облигация биржевая;RU000A0ZYEE5
6178;Облигация биржевая;RU000A0ZYRX7
6179;Облигация биржевая;RU000A0ZYRY5
6181;Облигация биржевая;RU000A0JW9R7
6183;Облигация биржевая;RU000A0JXHQ8
6184;Облигация биржевая;RU000A0ZYB73
6185;Облигация биржевая;RU000A0ZYM05
11437;Облигация биржевая;RU000A0ZZRB0
4986;Облигация биржевая;RU000A0JVF56
6157;Облигация муниципальная;RU000A0JUWU5
9064;Облигация муниципальная;RU000A0JVVR1
7059;Облигация муниципальная;RU000A0JV2H4
9653;Облигация муниципальная;RU000A0JWZ10
10622;Облигация субфедеральная;RU000A0ZYF61
8607;Облигация муниципальная;RU000A0JV3M2
3199;Облигация корпоративная;RU000A0JR4U9
4619;Облигация корпоративная;RU000A0JTFB2
4572;Облигация корпоративная;RU000A0JTB96
6163;Облигация биржевая;RU000A0JWK66
10733;Облигация биржевая;RU000A0ZYLU6
10822;Облигация биржевая;RU000A0ZYQU5
5121;Облигация биржевая;RU000A0JX2R1
5120;Облигация биржевая;RU000A0ZYF20
5122;Облигация биржевая;RU000A0ZYF38
5123;Облигация биржевая;RU000A0ZYFM5
5124;Облигация биржевая;RU000A0ZYAR5
5125;Облигация биржевая;RU000A0ZYFN3
5778;Облигация корпоративная;RU000A0JUJG1
6135;Облигация корпоративная;RU000A0JUW23
9323;Облигация корпоративная;RU000A0JWBN0
10543;Облигация биржевая;RU000A0ZYBG6
4182;Облигация биржевая;RU000A0JVTA1
4183;Облигация биржевая;RU000A0JVUY9
8618;Облигация биржевая;RU000A0JWUB5
8626;Облигация биржевая;RU000A0JWGS8
8631;Облигация биржевая;RU000A0JVNB2
8632;Облигация биржевая;RU000A0JWNB0
5733;Пай закрытого ПИФа;RU000A0JUDS9
9922;Облигация биржевая;RU000A0JXPU3
6023;Облигация биржевая;RU000A0JUYJ4
10939;Облигация биржевая;RU000A0ZZ8U0
5010;Облигация биржевая;RU000A0JU0S6
5011;Облигация биржевая;RU000A0JU0T4
3531;Облигация корпоративная;RU000A0JRJV6
3538;Облигация корпоративная;RU000A0JRK22
9798;Облигация биржевая;RU000A0JXC40
9973;Облигация биржевая;RU000A0JXRB9
9195;Облигация корпоративная;RU000A0JW0S4
9291;Облигация корпоративная;RU000A0JW5E3
9331;Облигация корпоративная;RU000A0JWBP5
9441;Облигация корпоративная;RU000A0JWMJ5
9912;Облигация биржевая;RU000A0JXNV6
10562;Облигация биржевая;RU000A0ZYCQ3
11472;Облигация биржевая;RU000A0ZZUK5
10400;Облигация биржевая;
4114;Облигация корпоративная;RU000A0JS5R1
4170;Облигация корпоративная;RU000A0JS603
10689;Облигация биржевая;RU000A0ZYHH1
2806;Пай закрытого ПИФа;RU000A0JQSM8
9935;Облигация биржевая;RU000A0JXQ28
10731;Облигация биржевая;RU000A0ZYLF7
10886;Облигация биржевая;RU000A0ZYX69
11438;Облигация биржевая;RU000A0ZZRK1
11463;Облигация биржевая;RU000A0ZZTL5
4839;Облигация корпоративная;RU000A0JTLJ3
4840;Облигация корпоративная;RU000A0JTLL9
5045;Облигация биржевая;RU000A0JVWN8
5046;Облигация биржевая;RU000A0JWBF6
5051;Облигация биржевая;RU000A0JW5H6
5052;Облигация биржевая;RU000A0JWBE9
5867;Облигация биржевая;
6069;Облигация биржевая;RU000A0JVJ45
9655;Облигация биржевая;RU000A0JX009
10633;Облигация биржевая;RU000A0ZYKM5
11409;Облигация биржевая;RU000A0ZZPY6
9148;Облигация корпоративная;RU000A0JVYG8
6146;Облигация субфедеральная;RU000A0JUWK6
5744;Облигация корпоративная;RU000A0JUD00
3042;Облигация корпоративная;RU000A0JQY35
3646;Облигация корпоративная;RU000A0JRMW8
5735;Облигация корпоративная;RU000A0JUG15
745;Пай закрытого ПИФа;RU000A0JNUW0
1136;Пай закрытого ПИФа;RU000A0JPM71
1122;Пай закрытого ПИФа;RU000A0JPLG7
3037;Пай закрытого ПИФа;RU000A0JQYE3
4307;Пай закрытого ПИФа;RU000A0JS9A9
5940;Облигация субфедеральная;RU000A0JUP89
9021;Облигация субфедеральная;RU000A0JVU65
10050;Облигация субфедеральная;RU000A0JXSD3
9751;Облигация субфедеральная;RU000A0JX314
9757;Облигация субфедеральная;RU000A0JX2S9
10722;Облигация субфедеральная;RU000A0ZYKU8
10727;Облигация субфедеральная;RU000A0ZYL48
5311;Облигация субфедеральная;RU000A0JU1V8
6145;Облигация субфедеральная;RU000A0JUWJ8
10600;Облигация субфедеральная;RU000A0ZYCZ4
9539;Облигация субфедеральная;RU000A0JWSQ7
5507;Облигация субфедеральная;RU000A0JU8R1
6193;Облигация субфедеральная;RU000A0JUXW9
9039;Облигация субфедеральная;RU000A0JVUH4
9624;Облигация субфедеральная;RU000A0JWXQ7
10635;Облигация субфедеральная;RU000A0ZYG60
10704;Облигация субфедеральная;RU000A0ZYJB0
6198;Облигация корпоративная;RU000A0JV3U5
7066;Облигация корпоративная;RU000A0JV3T7
10726;Облигация корпоративная;RU000A0ZYHP4
6222;Облигация биржевая;RU000A0ZYUV5
6223;Облигация биржевая;RU000A0ZYUW3
6224;Облигация биржевая;RU000A0ZYUY9
6225;Облигация биржевая;RU000A0ZYV04
6226;Облигация биржевая;RU000A0JXFS8
6227;Облигация биржевая;RU000A0JXFY6
8928;Облигация корпоративная;RU000A0JVKK9
9325;Облигация биржевая;RU000A0JWBH2
8990;Облигация биржевая;RU000A0JVWE7
9429;Облигация корпоративная;RU000A0JWLE8
11491;Облигация корпоративная;
9726;Облигация корпоративная;RU000A0JX1T9
9971;Облигация корпоративная;RU000A0JXQU1
9025;Облигация корпоративная;RU000A0JVTQ7
11033;Облигация корпоративная;RU000A0ZZ6K5
5748;Пай закрытого ПИФа;RU000A0JTYP3
9997;Облигация корпоративная;RU000A0JXS34
9328;Облигация биржевая;RU000A0JWF22
5035;Облигация биржевая;RU000A0JWRH8
5572;Облигация корпоративная;RU000A0JUBD5
5999;Облигация биржевая;RU000A0JUU25
9382;Облигация биржевая;RU000A0JWGY6
4633;Облигация корпоративная;RU000A0JTER1
11064;Облигация биржевая;
8790;Облигация биржевая;RU000A0JVNA4
5432;Облигация биржевая;RU000A0JUAG0
7045;Облигация корпоративная;RU000A0JUQN2
10616;Облигация биржевая;RU000A0ZYEQ9
6027;Облигация корпоративная;RU000A0JUTC9
1761;Пай закрытого ПИФа;RU000A0JQ2Q2
2433;Пай закрытого ПИФа;RU000A0JQ4Q8
10566;Облигация биржевая;RU000A0ZYCR1
5892;Облигация корпоративная;RU000A0JUJP2
5802;Облигация корпоративная;RU000A0JUH97
3677;Пай закрытого ПИФа;RU000A0JRQT5
923;Пай закрытого ПИФа;RU000A0JP6U6
4271;Облигация корпоративная;RU000A0JS8R5
9444;Облигация корпоративная;RU000A0JWMT4
11001;Облигация биржевая;RU000A0ZZGE7
9138;Облигация корпоративная;RU000A0JVUG6
1150;Пай закрытого ПИФа;RU000A0JPMV4
1441;Акция обыкновенная;MRKU
2517;Облигация корпоративная;RU000A0JQ7X7
2518;Облигация корпоративная;RU000A0JQ7Z2
2789;Облигация корпоративная;RU000A0JQRD9
4979;Облигация корпоративная;RU000A0JTU85
5563;Облигация корпоративная;RU000A0JUAH8
4367;Облигация корпоративная;RU000A0JSGV0
10828;Облигация корпоративная;RU000A0JVY04
9895;Облигация биржевая;RU000A0JXN05
9938;Облигация биржевая;RU000A0JXQ44
9978;Облигация биржевая;RU000A0JXR84
10493;Облигация биржевая;RU000A0JXZB2
10842;Облигация биржевая;RU000A0ZYU05
11017;Облигация биржевая;RU000A0ZZ4P9
2666;Облигация биржевая;RU000A0JWC82
11130;Облигация биржевая;RU000A0ZZ9R4
11273;Облигация биржевая;RU000A0ZZGT5
11449;Облигация биржевая;RU000A0ZZRY2
10721;Облигация субфедеральная;RU000A0ZYL22
8635;Облигация субфедеральная;RU000A0JV3Z4
10683;Облигация субфедеральная;RU000A0ZYGM3
9010;Облигация субфедеральная;RU000A0JVSY3
5429;Облигация субфедеральная;RU000A0JU740
9549;Облигация субфедеральная;RU000A0JWT91
2855;Акция обыкновенная;AQUA
3744;Облигация биржевая;RU000A0JU0N7
3745;Облигация биржевая;RU000A0JRZ74
5593;Облигация биржевая;RU000A0JUFP0
5594;Облигация биржевая;RU000A0JV1D5
5595;Облигация биржевая;RU000A0JV5R6
5596;Облигация биржевая;RU000A0JV5U0
5597;Облигация биржевая;RU000A0JUFQ8
5598;Облигация биржевая;RU000A0JVBN2
5603;Облигация биржевая;RU000A0JVBS1
3499;Облигация корпоративная;RU000A0JRHF3
3498;Облигация корпоративная;RU000A0JRHG1
9567;Облигация биржевая;RU000A0JWV89
10047;Облигация биржевая;RU000A0JXSS1
4513;Облигация биржевая;
4514;Облигация биржевая;
1165;Акция обыкновенная;APTK
1546;Акция обыкновенная;AMEZ
5754;Облигация биржевая;RU000A0JUQC5
1204;Акция обыкновенная;BELU
10331;Облигация биржевая;RU000A0JXTB5
9998;Облигация биржевая;RU000A0JXUU3
172;Акция обыкновенная;OGKB
4157;Облигация корпоративная;RU000A0JS5E9
4168;Облигация корпоративная;RU000A0JS5M2
4156;Облигация корпоративная;RU000A0JS5F6
10606;Акция обыкновенная;GTRK
2435;Облигация корпоративная;RU000A0JQ557
6028;Облигация биржевая;RU000A0JWP38
6029;Облигация биржевая;RU000A0JWSU9
6030;Облигация биржевая;RU000A0JWSV7
6034;Облигация биржевая;RU000A0JWP46
211;Акция обыкновенная;DVEC
5935;Облигация биржевая;RU000A0JXMZ9
10930;Облигация биржевая;RU000A0ZZ8T2
256;Акция обыкновенная;KMAZ
9703;Облигация корпоративная;RU000A0ZZ7G1
9704;Облигация корпоративная;RU000A0ZZ7H9
9705;Облигация корпоративная;RU000A0ZZ885
9706;Облигация корпоративная;RU000A0ZZ877
9707;Облигация корпоративная;RU000A0ZZ893
8963;Облигация корпоративная;RU000A0JVP39
9191;Облигация корпоративная;RU000A0JW126
9688;Облигация корпоративная;RU000A0JX1C5
9689;Облигация корпоративная;RU000A0JX2B5
3209;Облигация биржевая;RU000A0JVZC4
3210;Облигация биржевая;RU000A0JVHX8
3211;Облигация биржевая;
1257;Акция обыкновенная;VSMO
4414;Акция обыкновенная;KGKC
3123;Акция обыкновенная;MSTT
3364;Облигация биржевая;
3365;Облигация биржевая;
3366;Облигация биржевая;
4445;Акция обыкновенная;MFON
10552;Облигация биржевая;RU000A0ZYC98
10840;Облигация биржевая;RU000A0ZYTM6
1318;Акция обыкновенная;MRKV
1383;Акция обыкновенная;MRKZ
1399;Акция обыкновенная;MRKS
154;Акция обыкновенная;MRKP
1328;Акция обыкновенная;MRKC
5190;Облигация биржевая;RU000A0ZZ1Y7
279;Акция обыкновенная;MSRS
5232;Облигация биржевая;RU000A0JXJS0
5233;Облигация биржевая;RU000A0JXR50
5274;Облигация биржевая;RU000A0JUA45
5480;Облигация биржевая;RU000A0JUFU0
5482;Облигация биржевая;RU000A0JV1W5
9758;Облигация биржевая;RU000A0JX355
5483;Облигация биржевая;RU000A0JV1X3
9769;Облигация биржевая;RU000A0JX413
5484;Облигация биржевая;RU000A0JV1Y1
5486;Облигация биржевая;RU000A0JUCS1
5487;Облигация биржевая;RU000A0JUCR3
5495;Облигация биржевая;RU000A0JUFV8
5488;Облигация биржевая;RU000A0JV201
5489;Облигация биржевая;RU000A0JV219
5490;Облигация биржевая;RU000A0JV235
5491;Облигация биржевая;RU000A0JV243
5492;Облигация биржевая;RU000A0JV250
5493;Облигация биржевая;RU000A0JV268
5494;Облигация биржевая;RU000A0JV227
8573;Облигация биржевая;RU000A0JV276
8574;Облигация биржевая;RU000A0JV292
8575;Облигация биржевая;RU000A0JV284
8576;Облигация биржевая;RU000A0JV763
8577;Облигация биржевая;RU000A0JV789
8578;Облигация биржевая;RU000A0JV7A8
8579;Облигация биржевая;RU000A0JV7D2
8580;Облигация биржевая;RU000A0JV7C4
8581;Облигация биржевая;RU000A0JV7B6
8582;Облигация биржевая;RU000A0JV2A9
8583;Облигация биржевая;RU000A0JV797
8584;Облигация биржевая;RU000A0JV771
4676;Облигация биржевая;
4677;Облигация биржевая;
126;Акция обыкновенная;NMTP
10556;Акция обыкновенная;OBUV
5383;Акция обыкновенная;UNAC
3417;Облигация корпоративная;RU000A0JRF11
13;Акция обыкновенная;RASP
10435;Облигация биржевая;RU000A0JXVM8
1193;Акция обыкновенная;SNGS
1194;Акция привилегированная;SNGSP
1221;Акция обыкновенная;TGKN
9614;Облигация корпоративная;RU000A0JWX79
9592;Облигация биржевая;RU000A0JWWM8
9844;Облигация биржевая;RU000A0JXK99
10424;Облигация биржевая;RU000A0JXVB1
10617;Облигация биржевая;RU000A0ZYEB1
10627;Облигация биржевая;RU000A0ZYFS2
5574;Облигация биржевая;RU000A0JUKA2
5575;Облигация биржевая;RU000A0JWLW0
5837;Облигация биржевая;RU000A0JUQ96
5838;Облигация биржевая;RU000A0JUR04
5839;Облигация биржевая;RU000A0JV9Q0
6138;Облигация биржевая;RU000A0JUYC9
6148;Облигация биржевая;RU000A0JUZZ7
6149;Облигация биржевая;RU000A0JV4S7
6150;Облигация биржевая;RU000A0JVHH1
6151;Облигация биржевая;RU000A0JVPS1
6152;Облигация биржевая;RU000A0JVS36
6153;Облигация биржевая;RU000A0JW5B9
6154;Облигация биржевая;RU000A0JWEG8
6155;Облигация биржевая;RU000A0JX0U9
9407;Облигация биржевая;RU000A0JWK90
9445;Облигация биржевая;RU000A0JWMS6
9514;Облигация биржевая;RU000A0JWPW1
9569;Облигация биржевая;RU000A0JWVC1
2823;Облигация биржевая;RU000A0JWEB9
9801;Облигация биржевая;RU000A0JXC24
9874;Облигация биржевая;RU000A0JXM97
9944;Облигация биржевая;RU000A0JXQD7
5381;Облигация биржевая;RU000A0JXPD9
5382;Облигация биржевая;RU000A0JXSF8
10005;Облигация биржевая;RU000A0JXS75
11132;Облигация биржевая;RU000A0ZZ9W4
11460;Облигация биржевая;RU000A0ZZT80
4955;Облигация биржевая;RU000A0JTVE3
8608;Облигация биржевая;
3108;Облигация корпоративная;RU000A0JR1Y7
3109;Облигация корпоративная;RU000A0JR1Z4
3110;Облигация корпоративная;RU000A0JR209
3111;Облигация корпоративная;RU000A0JR217
4244;Облигация корпоративная;RU000A0JS7H8
3553;Облигация корпоративная;RU000A0JRL96
3994;Облигация корпоративная;RU000A0JRZK5
4510;Облигация корпоративная;RU000A0JT7T2
4391;Облигация корпоративная;RU000A0JSQ58
4806;Облигация корпоративная;RU000A0JTKA4
4470;Облигация корпоративная;RU000A0JT2K2
4281;Облигация биржевая;RU000A0ZYJ91
4282;Облигация биржевая;
4284;Облигация биржевая;
4285;Облигация биржевая;
4286;Облигация биржевая;
9580;Акция обыкновенная;FTRE
1267;Акция обыкновенная;WTCM
1268;Акция привилегированная;WTCMP
9767;Облигация биржевая;RU000A0JX439
9818;Облигация биржевая;RU000A0JXHE4
9873;Облигация биржевая;RU000A0JXME4
10348;Облигация биржевая;RU000A0JXTY7
1264;Акция обыкновенная;VZRZ
8587;Акция обыкновенная;TNSE
5217;Облигация биржевая;RU000A0JX2F6
5218;Облигация биржевая;RU000A0JX2D1
5450;Облигация биржевая;
9907;Облигация биржевая;RU000A0JXNB8
4974;Облигация корпоративная;RU000A0JTTV1
3594;Пай закрытого ПИФа;RU000A0JRNZ9
6004;Облигация биржевая;RU000A0JX1V5
6005;Облигация биржевая;
6006;Облигация биржевая;
6009;Облигация биржевая;RU000A0JW167
6010;Облигация биржевая;RU000A0JW175
9806;Облигация биржевая;RU000A0JXD07
11448;Облигация биржевая;RU000A0ZZRZ9
5807;Облигация биржевая;RU000A0JV375
4487;Облигация корпоративная;RU000A0JT6G1
8559;Облигация корпоративная;RU000A0JV1H6
8560;Облигация корпоративная;RU000A0JV1N4
11266;Облигация корпоративная;RU000A0ZZFZ4
11189;Облигация биржевая;RU000A0ZZE12
11435;Облигация биржевая;RU000A0ZZRC8
4543;Облигация биржевая;RU000A0JU7Y9
4544;Облигация биржевая;RU000A0JUMH3
4545;Облигация биржевая;RU000A0JUQ39
4546;Облигация биржевая;RU000A0JUV08
6182;Облигация биржевая;RU000A0JWE56
11195;Облигация корпоративная;
11196;Облигация корпоративная;
11197;Облигация корпоративная;RU000A0ZZE87
11198;Облигация корпоративная;
11199;Облигация корпоративная;
11200;Облигация корпоративная;
5162;Облигация биржевая;RU000A0JV3K6
5424;Акция обыкновенная;RDRB
5302;Облигация биржевая;
5303;Облигация биржевая;
5737;Облигация биржевая;
5738;Облигация биржевая;
5739;Облигация биржевая;
11077;Облигации иностранного эмитента;XS1577961516
10240;Облигации иностранного эмитента;XS1449458915
11332;Акции иностранного эмитента;RAVN
4352;Облигация биржевая;
10620;Облигация биржевая;RU000A0ZYFE2
11253;Облигация биржевая;RU000A0ZZEW4
4353;Облигация биржевая;
11005;Облигация биржевая;RU000A0ZZ4B9
11264;Облигация биржевая;RU000A0ZZG36
4357;Облигация биржевая;
4363;Облигация биржевая;RU000A0JWCL2
5668;Облигация биржевая;RU000A0JUU90
5669;Облигация биржевая;RU000A0JUUA1
5670;Облигация биржевая;RU000A0JV0U1
5671;Облигация биржевая;RU000A0JWPV3
5672;Облигация биржевая;RU000A0JWUX9
5673;Облигация биржевая;RU000A0JX5W4
5674;Облигация биржевая;RU000A0JXQX5
5675;Облигация биржевая;RU000A0JXRV7
5676;Облигация биржевая;RU000A0ZYBM4
5677;Облигация биржевая;RU000A0ZYGB6
5678;Облигация биржевая;
5679;Облигация биржевая;
5680;Облигация биржевая;
5681;Облигация биржевая;
5682;Облигация биржевая;
5683;Облигация биржевая;
5684;Облигация биржевая;
5685;Облигация биржевая;
5686;Облигация биржевая;
5687;Облигация биржевая;
5688;Облигация биржевая;
5689;Облигация биржевая;
5690;Облигация биржевая;
5691;Облигация биржевая;
5692;Облигация биржевая;
5693;Облигация биржевая;
5694;Облигация биржевая;RU000A0ZYWB3
5695;Облигация биржевая;RU000A0ZYU21
5696;Облигация биржевая;
5697;Облигация биржевая;
9408;Облигация корпоративная;RU000A0JWK58
4985;Облигация биржевая;
4987;Облигация биржевая;RU000A0ZZL05
4988;Облигация биржевая;
4496;Облигация биржевая;
4497;Облигация биржевая;
4498;Облигация биржевая;
4499;Облигация биржевая;
4500;Облигация биржевая;
4501;Облигация биржевая;
10547;Облигация биржевая;RU000A0ZYC31
10637;Облигация биржевая;RU000A0ZYH02
9274;Облигация корпоративная;RU000A0JWM49
9888;Облигация биржевая;RU000A0JXQ51
11016;Облигация биржевая;
9018;Ипотечный сертификат участия;RU000A0JVT35
9578;Облигация биржевая;RU000A0JWVS7
3772;Облигация биржевая;
3774;Облигация биржевая;
2973;Облигация корпоративная;RU000A0JQY01
3419;Облигация корпоративная;RU000A0JREW5
3421;Облигация корпоративная;RU000A0JREX3
3420;Облигация корпоративная;RU000A0JREZ8
3729;Облигация корпоративная;RU000A0JRUY7
3730;Облигация корпоративная;RU000A0JRV52
5729;Облигация корпоративная;RU000A0JUFE4
5730;Облигация корпоративная;RU000A0JUFF1
5731;Облигация корпоративная;RU000A0JUFG9
5732;Облигация корпоративная;RU000A0JUFH7
5512;Облигация биржевая;RU000A0JUEE7
8952;Облигация биржевая;RU000A0JVNL1
8986;Облигация биржевая;RU000A0JVRV1
5514;Облигация биржевая;RU000A0JVKC6
5520;Облигация биржевая;RU000A0JV8D0
5515;Облигация биржевая;RU000A0JV8G3
5521;Облигация биржевая;RU000A0JV9D8
5516;Облигация биржевая;RU000A0JV9H9
5518;Облигация биржевая;RU000A0JVQQ3
5519;Облигация биржевая;
5502;Облигация биржевая;RU000A0JW3A6
5503;Облигация биржевая;RU000A0JUAT3
5504;Облигация биржевая;RU000A0ZYMN9
5505;Облигация биржевая;RU000A0ZYMM1
5506;Облигация биржевая;
4287;Облигация биржевая;RU000A0JXJE0
4288;Облигация биржевая;
4289;Облигация биржевая;
6053;Облигация биржевая;RU000A0JV433
6054;Облигация биржевая;RU000A0JVF64
6055;Облигация биржевая;
6161;Облигация биржевая;
11014;Облигация биржевая;RU000A0ZZ547
9566;Облигация корпоративная;RU000A0JWYJ0
9979;Облигация биржевая;RU000A0JXRF0
10609;Облигация биржевая;RU000A0ZYEM8
10729;Облигация биржевая;RU000A0ZYME8
11152;Облигация биржевая;
5147;Облигация корпоративная;RU000A0JTZF1
5811;Облигация корпоративная;RU000A0JUKX4
10879;Облигация биржевая;RU000A0ZYW94
9435;Облигация корпоративная;RU000A0JWLY6
8636;Облигация корпоративная;RU000A0JV409
9324;Облигация корпоративная;RU000A0JWBA7
9989;Облигация биржевая;RU000A0JXRT1
10438;Облигация биржевая;RU000A0JXW46
10718;Облигация биржевая;RU000A0ZYL55
11281;Облигация биржевая;RU000A0ZZJZ6
6108;Облигация корпоративная;RU000A0JUV81
9684;Облигация корпоративная;RU000A0JWZT6
10741;Облигация корпоративная;RU000A0ZYMD0
4180;Облигация биржевая;RU000A0JS6M0
8625;Облигация биржевая;RU000A0JVWA5
5559;Облигация биржевая;
5560;Облигация биржевая;
5561;Облигация биржевая;
5552;Облигация биржевая;
5553;Облигация биржевая;
9728;Облигация биржевая;RU000A0JX3A5
10706;Облигация биржевая;RU000A0ZYU39
4905;Облигация корпоративная;RU000A0JTPG0
4973;Облигация корпоративная;RU000A0JTT13
5361;Облигация биржевая;RU000A0JU6G8
5362;Облигация биржевая;RU000A0JVQT7
9497;Облигация биржевая;
9498;Облигация биржевая;
9349;Облигация биржевая;RU000A0JWDU1
9988;Облигация биржевая;RU000A0JXRN4
8585;Облигация биржевая;RU000A0JV946
5012;Облигация биржевая;
5015;Облигация биржевая;
5014;Облигация биржевая;
5698;Облигация биржевая;RU000A0JUKS4
5699;Облигация биржевая;RU000A0JUKT2
8931;Облигация биржевая;RU000A0JVS93
8932;Облигация биржевая;
3001;Облигация корпоративная;RU000A0JQYU9
3034;Облигация биржевая;
3035;Облигация биржевая;
3036;Облигация биржевая;
8927;Облигация биржевая;RU000A0JVUB7
5132;Облигация биржевая;
5133;Облигация биржевая;
5134;Облигация биржевая;
5135;Облигация биржевая;
5136;Облигация биржевая;
9409;Облигация корпоративная;RU000A0JWK74
9345;Облигация корпоративная;RU000A0JWDA3
9346;Облигация корпоративная;RU000A0JWDB1
9347;Облигация корпоративная;RU000A0JWDC9
4032;Облигация корпоративная;RU000A0JS264
4473;Облигация корпоративная;RU000A0JT3J2
4674;Облигация корпоративная;RU000A0JTH82
5072;Облигация корпоративная;RU000A0JTX09
5355;Облигация корпоративная;RU000A0JU2N3
5885;Облигация биржевая;RU000A0JVPJ0
9987;Облигация биржевая;RU000A0JXTG4
5886;Облигация биржевая;RU000A0JVDR9
10442;Облигация биржевая;RU000A0JXYE9
5887;Облигация биржевая;RU000A0JURM2
10443;Облигация биржевая;RU000A0JXYG4
5890;Облигация биржевая;RU000A0JUWV3
10441;Облигация биржевая;RU000A0JXYH2
5888;Облигация биржевая;RU000A0JVP21
5889;Облигация биржевая;RU000A0JWX46
9063;Облигация корпоративная;RU000A0JVW22
9076;Облигация корпоративная;RU000A0JVWT5
9017;Облигация корпоративная;RU000A0JVUL6
5762;Облигация биржевая;RU000A0JUK84
9917;Облигация биржевая;RU000A0JXPJ6
8831;Облигация биржевая;RU000A0JWYK8
8793;Облигация биржевая;RU000A0JWK82
8794;Облигация биржевая;RU000A0ZYLL5
8795;Облигация биржевая;RU000A0JW1T0
3136;Облигация биржевая;
3138;Облигация биржевая;
3139;Облигация биржевая;
3141;Облигация биржевая;
3142;Облигация биржевая;
3143;Облигация биржевая;
5154;Облигация биржевая;
1719;Облигация корпоративная;RU000A0JQ1H3
2801;Облигация корпоративная;RU000A0JQS09
2802;Облигация корпоративная;RU000A0JQS74
3557;Облигация корпоративная;RU000A0JRMB2
3561;Облигация корпоративная;RU000A0JRMC0
4506;Облигация корпоративная;RU000A0JT7M7
4995;Облигация корпоративная;RU000A0JU6A1
8953;Облигация корпоративная;RU000A0JVN56
8954;Облигация корпоративная;RU000A0JVN64
8955;Облигация корпоративная;RU000A0JVN98
9201;Облигация корпоративная;RU000A0JW1V6
9202;Облигация корпоративная;RU000A0JW1Z7
10943;Облигация корпоративная;RU000A0ZZ4T1
9476;Облигация корпоративная;RU000A0JWMZ1
9477;Облигация корпоративная;RU000A0JWN22
9573;Облигация корпоративная;RU000A0JWV63
10944;Облигация корпоративная;RU000A0ZZ505
11479;Облигация корпоративная;RU000A0ZZUS8
9889;Облигация биржевая;RU000A0JXMQ8
10366;Облигация биржевая;RU000A0JXUC1
10549;Облигация биржевая;RU000A0ZYBT9
10691;Облигация биржевая;RU000A0ZYJ42
10890;Облигация биржевая;RU000A0ZYXJ4
11412;Облигация биржевая;RU000A0ZZPZ3
11478;Облигация биржевая;RU000A0ZZVQ0
5700;Облигация биржевая;RU000A0JV805
5701;Облигация биржевая;RU000A0JVWB3
5702;Облигация биржевая;
5703;Облигация биржевая;
5704;Облигация биржевая;
5705;Облигация биржевая;RU000A0JUW31
5706;Облигация биржевая;RU000A0JUW72
5707;Облигация биржевая;RU000A0JV3R1
5709;Облигация биржевая;RU000A0JV987
5710;Облигация биржевая;
5711;Облигация биржевая;
5712;Облигация биржевая;
5713;Облигация биржевая;
5714;Облигация биржевая;
453;Пай закрытого ПИФа;RU000A0ERGA7
9179;Пай закрытого ПИФа;RU000A0JVRF4
9410;Пай закрытого ПИФа;RU000A0JWAW3
10540;Пай закрытого ПИФа;RU000A0ZYC64
11413;Пай закрытого ПИФа;RU000A0ZZ5R2
11396;Облигация биржевая;RU000A0ZZQ59
10725;Облигация биржевая;RU000A0ZYLD2
3102;Облигация биржевая;
4480;Облигация биржевая;
4481;Облигация биржевая;
4482;Облигация биржевая;
4483;Облигация биржевая;
4485;Облигация биржевая;
6016;Ипотечный сертификат участия;RU000A0JUQZ6
9582;Пай открытого ПИФа;RU000A0JT7G9
1161;Пай закрытого ПИФа;RU000A0JPPP9
3345;Пай закрытого ПИФа;RU000A0JR8H7
9782;Пай открытого ПИФа;RU000A0JX2H2
3000;Пай закрытого ПИФа;RU000A0JQY19
6001;Пай закрытого ПИФа;RU000A0JUR20
9415;Облигация корпоративная;RU000A0JWKN1
5770;Облигация корпоративная;RU000A0JUH89
5984;Облигация биржевая;RU000A0JUS37
5986;Облигация биржевая;RU000A0JUSJ6
4158;Облигация корпоративная;RU000A0JS5B5
4159;Облигация корпоративная;RU000A0JS5A7
4162;Облигация корпоративная;RU000A0JS5L4
5047;Облигация биржевая;
5048;Облигация биржевая;
5049;Облигация биржевая;
5050;Облигация биржевая;
5053;Облигация биржевая;
5054;Облигация биржевая;
5055;Облигация биржевая;
5056;Облигация биржевая;
5057;Облигация биржевая;
5058;Облигация биржевая;
10719;Облигация биржевая;RU000A0ZYM54
11260;Облигация биржевая;RU000A0ZZFH2
2872;Пай закрытого ПИФа;RU000A0JQUQ5
2871;Пай закрытого ПИФа;RU000A0JQUP7
9437;Облигация биржевая;RU000A0JWMM9
9711;Облигация биржевая;RU000A0JX108
9947;Облигация биржевая;RU000A0JXQJ4
5855;Облигация биржевая;RU000A0JV052
5856;Облигация биржевая;
5857;Облигация биржевая;
5858;Облигация биржевая;
5859;Облигация биржевая;
5860;Облигация биржевая;
5861;Облигация биржевая;
5862;Облигация биржевая;
5863;Облигация биржевая;
5864;Облигация биржевая;
5865;Облигация биржевая;RU000A0JUMJ9
5866;Облигация биржевая;RU000A0JUSH0
5868;Облигация биржевая;
5869;Облигация биржевая;
5854;Облигация биржевая;
5128;Облигация биржевая;RU000A0JVH05
5129;Облигация биржевая;RU000A0JU0U2
5130;Облигация биржевая;
5131;Облигация биржевая;
9762;Облигация корпоративная;RU000A0JXJM3
9763;Облигация корпоративная;RU000A0JXJP6
8982;Облигация биржевая;RU000A0JVVK6
8983;Облигация биржевая;RU000A0JVVP5
8984;Облигация биржевая;RU000A0JVVT7
3219;Пай открытого ПИФа;RU000A0JR2C1
3220;Пай открытого ПИФа;RU000A0JR290
3221;Пай открытого ПИФа;RU000A0JR2A5
3218;Пай открытого ПИФа;RU000A0JR282
10758;Пай открытого ПИФа;RU000A0HF0L2
932;Пай открытого ПИФа;RU000A0JP799
11144;Пай открытого ПИФа;RU000A0JVHY6
3163;Пай закрытого ПИФа;RU000A0JR316
5549;Пай закрытого ПИФа;RU000A0JU9Y5
5279;Облигация биржевая;RU000A0JUD42
6070;Облигация биржевая;
6071;Облигация биржевая;
6072;Облигация биржевая;
6073;Облигация биржевая;
1166;Акция обыкновенная;AVAN
9302;Облигация биржевая;RU000A0JW7D1
5177;Облигация биржевая;
9123;Облигация биржевая;
9124;Облигация биржевая;
9125;Облигация биржевая;
9126;Облигация биржевая;
9322;Облигация корпоративная;RU000A0JWF71
9186;Облигация биржевая;RU000A0JW1B8
9275;Облигация биржевая;RU000A0JW506
4982;Облигация биржевая;
4983;Облигация биржевая;RU000A0JVD41
4984;Облигация биржевая;
8985;Облигация биржевая;RU000A0JVRL2
6018;Облигация биржевая;RU000A0JUT85
9056;Облигация биржевая;RU000A0JVVL4
6019;Облигация биржевая;RU000A0JVM32
9132;Облигация биржевая;RU000A0JVXX5
9436;Облигация биржевая;RU000A0JWM15
6141;Облигация биржевая;RU000A0JV0N6
6142;Облигация биржевая;RU000A0JV565
6143;Облигация биржевая;RU000A0JV6D4
6085;Облигации иностранного эмитента;XS0620695204
6099;Облигации иностранного эмитента;XS0925043100
3685;Облигация корпоративная;RU000A0JRSW5
3686;Облигация корпоративная;RU000A0JRSX3
4450;Облигация корпоративная;RU000A0JSZF3
4451;Облигация корпоративная;RU000A0JSZG1
5087;Облигация корпоративная;RU000A0JTXP5
5088;Облигация корпоративная;RU000A0JTXQ3
5605;Облигация корпоративная;RU000A0JUCH4
5607;Облигация корпоративная;RU000A0JUCJ0
5953;Облигация корпоративная;RU000A0JUPS3
5954;Облигация корпоративная;RU000A0JUPT1
8557;Облигация корпоративная;RU000A0JV1E3
8558;Облигация корпоративная;RU000A0JV1F0
11032;Облигация биржевая;RU000A0ZZ6Q2
11136;Облигация биржевая;RU000A0ZZBD0
9605;Облигация биржевая;
9606;Облигация биржевая;
9607;Облигация биржевая;
9608;Облигация биржевая;
9609;Облигация биржевая;
5323;Облигация биржевая;
5326;Облигация биржевая;
5327;Облигация биржевая;
5328;Облигация биржевая;
5330;Облигация биржевая;
5331;Облигация биржевая;
5332;Облигация биржевая;
5333;Облигация биржевая;
5334;Облигация биржевая;
5335;Облигация биржевая;
5336;Облигация биржевая;
5337;Облигация биржевая;
5338;Облигация биржевая;
5339;Облигация биржевая;
5340;Облигация биржевая;
5341;Облигация биржевая;
5343;Облигация биржевая;
9629;Облигация биржевая;RU000A0JWYS1
5237;Облигация биржевая;RU000A0JVBX1
5239;Облигация биржевая;RU000A0JUGY0
5240;Облигация биржевая;
5831;Облигация биржевая;RU000A0JUPW5
5780;Облигация биржевая;RU000A0JV0P1
5781;Облигация биржевая;
5782;Облигация биржевая;
5783;Облигация биржевая;RU000A0JVHS8
5784;Облигация биржевая;
5785;Облигация биржевая;RU000A0JV0Q9
9494;Облигации иностранного эмитента;XS1379311761
11494;Облигации иностранного эмитента;
9183;Облигации иностранного эмитента;XS1327118284
9184;Облигации иностранного эмитента;XS1327117633
9442;Облигации иностранного эмитента;XS1434175730
9866;Облигации иностранного эмитента;XS1571345583
9906;Облигации иностранного эмитента;XS1590566193
10333;Облигации иностранного эмитента;XS1604405545
10429;Облигации иностранного эмитента;XS1637911451
10440;Облигации иностранного эмитента;XS1642546581
10476;Облигации иностранного эмитента;XS1654213294
10482;Облигации иностранного эмитента;XS1654229290
10487;Облигации иностранного эмитента;XS1654237129
10532;Облигации иностранного эмитента;XS1675776014
10619;Облигации иностранного эмитента;XS1708325748
10681;Облигации иностранного эмитента;XS1713519012
10687;Облигации иностранного эмитента;XS1718466250
10736;Облигации иностранного эмитента;XS1731601867
10751;Облигации иностранного эмитента;XS1708322133
10827;Облигации иностранного эмитента;XS1762858428
10839;Облигации иностранного эмитента;XS1764143597
10880;Облигации иностранного эмитента;XS1783223206
10895;Облигации иностранного эмитента;XS1713519368
10933;Облигации иностранного эмитента;XS1799164790
11019;Облигации иностранного эмитента;XS1807420937
11062;Облигации иностранного эмитента;XS1819608172
11065;Облигации иностранного эмитента;XS1820831607
11072;Облигации иностранного эмитента;XS1801889830
11131;Облигации иностранного эмитента;XS1833629253
11138;Облигации иностранного эмитента;XS1838071964
11194;Облигации иностранного эмитента;XS1857100413
11252;Облигации иностранного эмитента;XS1859436070
11312;Облигации иностранного эмитента;XS1859436401
11313;Облигации иностранного эмитента;XS1870376461
11317;Облигации иностранного эмитента;XS1873963794
11327;Облигации иностранного эмитента;XS1822383094
11333;Облигации иностранного эмитента;XS1878009866
11423;Облигации иностранного эмитента;XS1892856128
11466;Облигации иностранного эмитента;XS1900962892
11473;Облигации иностранного эмитента;XS1904686661
11493;Облигации иностранного эмитента;XS1903464391
6310;Облигации иностранного эмитента;XS0810596832
5902;Облигация биржевая;RU000A0JV441
6080;Облигации иностранного эмитента;XS0993162683
9003;Облигации иностранного эмитента;XS0524610812
9004;Облигации иностранного эмитента;XS0559915961
9050;Облигации иностранного эмитента;XS0800817073
9385;Облигации иностранного эмитента;XS1084024584
6083;Облигации иностранного эмитента;XS0848137708
9384;Облигации иностранного эмитента;XS1040726587
9538;Облигации иностранного эмитента;XS0885733153
6092;Облигации иностранного эмитента;XS0191754729
6095;Облигации иностранного эмитента;XS0424860947
6097;Облигации иностранного эмитента;XS0316524130
9520;Облигации иностранного эмитента;XS0906946008
5568;Облигация субфедеральная;RU000A0JUAZ0
5777;Ипотечный сертификат участия;RU000A0JUHS0
5104;Облигация биржевая;
5102;Облигация биржевая;
5103;Облигация биржевая;
5105;Облигация биржевая;
5106;Облигация биржевая;
5107;Облигация биржевая;RU000A0JUTB1
11188;Облигация биржевая;RU000A0ZZQT4
5111;Облигация биржевая;
11402;Облигация биржевая;RU000A0ZZSP8
5108;Облигация биржевая;
5110;Облигация биржевая;
5113;Облигация биржевая;
5284;Облигация биржевая;
5285;Облигация биржевая;
9749;Облигация биржевая;RU000A0JX2M2
9060;Облигации иностранного эмитента;XS0830192711
6093;Облигации иностранного эмитента;XS0997544860
9503;Облигации иностранного эмитента;XS1405775377
5745;Облигация корпоративная;RU000A0JUD34
6140;Ипотечный сертификат участия;RU000A0JUW49
3092;Пай закрытого ПИФа;RU000A0JR0A9
8918;Облигация корпоративная;RU000A0JVJY2
8916;Облигация корпоративная;RU000A0JVHJ7
4009;Облигация корпоративная;RU000A0JS1A6
4010;Облигация корпоративная;RU000A0JS1B4
4604;Облигация корпоративная;RU000A0JTCV7
4605;Облигация корпоративная;RU000A0JTD52
5577;Облигация корпоративная;RU000A0JUBT1
5578;Облигация корпоративная;RU000A0JUC19
4430;Облигация корпоративная;RU000A0JSKJ7
5394;Облигация корпоративная;RU000A0JU3J9
5895;Облигация корпоративная;RU000A0JUJ87
8841;Облигация корпоративная;RU000A0JV7G5
8842;Облигация корпоративная;RU000A0JV755
7061;Облигация корпоративная;RU000A0JV1C7
7062;Облигация корпоративная;RU000A0JV1B9
8596;Облигация корпоративная;RU000A0JV326
8597;Облигация корпоративная;RU000A0JV318
5779;Облигация корпоративная;RU000A0JUJE6
8910;Облигация корпоративная;RU000A0JVAJ2
8911;Облигация корпоративная;RU000A0JVAQ7
8561;Облигация корпоративная;RU000A0JV1U9
8562;Облигация корпоративная;RU000A0JV1V7
5665;Облигация корпоративная;RU000A0JUE66
5955;Облигация корпоративная;RU000A0JUQ54
9130;Облигация корпоративная;RU000A0JVU81
5776;Облигация корпоративная;RU000A0JUHY8
5224;Облигация корпоративная;RU000A0JTZ98
8653;Облигация корпоративная;RU000A0JV664
5968;Облигация корпоративная;RU000A0JUPU9
5951;Облигация корпоративная;RU000A0JUPF0
8646;Облигация корпоративная;RU000A0JV508
8614;Облигация корпоративная;RU000A0JV3S9
7067;Облигация корпоративная;RU000A0JV169
7068;Облигация корпоративная;RU000A0JV185
9729;Облигация биржевая;RU000A0JX2L4
3217;Пай закрытого ПИФа;RU000A0JR555
4607;Облигация биржевая;
4608;Облигация биржевая;
4609;Облигация биржевая;
8909;Облигация корпоративная;RU000A0JVB35
9250;Облигация корпоративная;RU000A0JVTM6
9399;Облигация корпоративная;RU000A0JWF30
5616;Облигация корпоративная;RU000A0JUCX1
6175;Облигация корпоративная;RU000A0JUZU8
3178;Пай закрытого ПИФа;RU000A0JR3N6
5928;Пай закрытого ПИФа;RU000A0JUN16
11280;Пай закрытого ПИФа;RU000A0ZZ422
3559;Пай закрытого ПИФа;RU000A0JRL54
11470;Облигация биржевая;RU000A0ZZV52
3755;Пай закрытого ПИФа;RU000A0JRSS3
3757;Пай закрытого ПИФа;RU000A0JRST1
3758;Пай закрытого ПИФа;RU000A0JRXV7
4850;Пай закрытого ПИФа;RU000A0JTPA3
1027;Пай закрытого ПИФа;RU000A0JPCF8
1087;Пай закрытого ПИФа;RU000A0JPJ35
5947;Пай закрытого ПИФа;RU000A0JUKK1
243;Акция обыкновенная;IRGZ
3214;Облигация биржевая;
5996;Облигация биржевая;RU000A0JUTQ9
5997;Облигация биржевая;RU000A0JUTR7
5998;Облигация биржевая;RU000A0JXLX6
9319;Облигация биржевая;RU000A0JWWR7
9318;Облигация биржевая;RU000A0JWU64
9317;Облигация биржевая;RU000A0JX2K6
9316;Облигация биржевая;RU000A0JXSE1
3918;Акция обыкновенная;KZOS
3977;Акция привилегированная;KZOSP
3312;Облигация биржевая;
5170;Облигация биржевая;
5171;Облигация биржевая;
4045;Облигация биржевая;RU000A0JVA77
3006;Облигация биржевая;
4965;Облигация биржевая;
4967;Облигация биржевая;
4968;Облигация биржевая;
1687;Акция обыкновенная;LNZL
2439;Акция привилегированная;LNZLP
10475;Облигации иностранного эмитента;XS1589324075
9062;Облигации иностранного эмитента;XS1298447019
5475;Облигация биржевая;
5476;Облигация биржевая;
5477;Облигация биржевая;
10338;Облигация биржевая;RU000A0JXT58
5871;Облигации иностранного эмитента;RU000A0JUG56
7057;Облигации иностранного эмитента;RU000A0JUG80
7058;Облигации иностранного эмитента;RU000A0JUG98
8844;Облигации иностранного эмитента;RU000A0JUG72
4021;Облигация корпоративная;RU000A0JS1F5
4237;Облигация корпоративная;RU000A0JS793
4224;Облигация корпоративная;RU000A0JS710
9057;Облигация субфедеральная;RU000A0JVV49
9204;Облигация корпоративная;RU000A0JW2T8
9542;Облигация биржевая;RU000A0JWWG0
6091;Облигации иностранного эмитента;XS0864383723
10261;Облигации иностранного эмитента;XS1503160571
10396;Облигация корпоративная;RU000A0JXU89
1595;Облигация корпоративная;RU000A0JPYA3
10750;Облигация биржевая;RU000A0ZYXM8
9913;Облигация корпоративная;RU000A0JXQQ9
9269;Облигация корпоративная;RU000A0JWA92
4243;Облигация корпоративная;RU000A0JSL87
4613;Облигация биржевая;RU000A0JTEM2
9192;Облигация корпоративная;RU000A0JW118
5769;Ипотечный сертификат участия;RU000A0JUGA0
5795;Облигация корпоративная;RU000A0JUJW8
8784;Облигация биржевая;RU000A0JVBF8
9417;Облигация биржевая;RU000A0JWL32
3528;Пай закрытого ПИФа;RU000A0JRHC0
5774;Облигация корпоративная;RU000A0JUHV4
9871;Облигация корпоративная;RU000A0JXM22
10883;Облигация корпоративная;RU000A0ZYJ26
10924;Облигация биржевая;RU000A0ZZ0R3
11434;Облигация биржевая;RU000A0ZZV03
10760;Облигация биржевая;RU000A0ZYVY7
9974;Пай закрытого ПИФа;RU000A0JXP78
10737;Облигация биржевая;RU000A0ZYM21
9118;Облигация корпоративная;RU000A0JVZB6
10431;Облигация биржевая;RU000A0JXVG0
10931;Облигация биржевая;RU000A0ZZ2A5
10821;Облигация биржевая;RU000A0ZYU54
11322;Облигация биржевая;RU000A0ZZNL8
11436;Облигация биржевая;RU000A0ZZS73
11278;Облигация биржевая;RU000A0ZZKW1
8833;Облигация корпоративная;RU000A0JVCL4
9011;Облигация биржевая;RU000A0JVW55
9012;Облигация биржевая;RU000A0JVX62
9163;Облигация биржевая;RU000A0JW8X7
9166;Облигация биржевая;RU000A0JWCP3
9167;Облигация биржевая;RU000A0JWCU3
9168;Облигация биржевая;RU000A0JWD65
9169;Облигация биржевая;RU000A0JWD73
10599;Облигация биржевая;RU000A0ZYE96
10866;Облигация биржевая;RU000A0ZZ0D3
11407;Облигация биржевая;RU000A0ZZR90
11046;Облигация биржевая;RU000A0ZZ7R8
10761;Облигация биржевая;RU000A0ZYSS5
6105;Облигация корпоративная;RU000A0JURT7
11319;Облигация корпоративная;RU000A0ZYPB7
11103;Облигация биржевая;RU000A0ZZNM6
5767;Облигация биржевая;RU000A0JUL18
9418;Облигация корпоративная;RU000A0JWKQ4
9419;Облигация корпоративная;RU000A0JWKP6
9321;Облигация корпоративная;RU000A0JV2B7
8902;Облигация корпоративная;RU000A0JVFN3
8589;Облигация корпоративная;RU000A0JV2K8
8590;Облигация корпоративная;RU000A0JV2L6
9330;Облигация корпоративная;RU000A0JWC25
8944;Облигация корпоративная;RU000A0JVNC0
9153;Облигация биржевая;RU000A0JWEK0
9154;Облигация биржевая;RU000A0JXTH2
9015;Облигация корпоративная;RU000A0JWJQ6
9022;Облигация корпоративная;RU000A0JVT43
9074;Облигация биржевая;RU000A0JVZA8
11165;Облигация биржевая;RU000A0ZZCX6
11153;Облигация биржевая;RU000A0ZZCV0
5265;Облигация биржевая;
5266;Облигация биржевая;
5268;Облигация биржевая;
5269;Облигация биржевая;
5271;Облигация биржевая;
5272;Облигация биржевая;
8556;Облигация корпоративная;RU000A0JV2E1
11254;Облигация биржевая;RU000A0ZZFP5
11104;Облигация биржевая;RU000A0ZZAR2
11166;Облигация биржевая;RU000A0ZZDQ8
11459;Облигация биржевая;RU000A0ZZUR0
3595;Облигация корпоративная;RU000A0JRPK6
8826;Облигация корпоративная;RU000A0JVE40
9378;Облигация корпоративная;RU000A0JWAT9
2451;Облигация корпоративная;RU000A0JQ5C5
6195;Облигация корпоративная;RU000A0JUZN3
5250;Облигация биржевая;
9943;Облигация биржевая;RU000A0JXQH8
5252;Облигация биржевая;
5253;Облигация биржевая;
5255;Облигация биржевая;RU000A0JVD17
5256;Облигация биржевая;RU000A0JWCK4
9945;Облигация биржевая;RU000A0JXQM8
9983;Облигация биржевая;RU000A0JXRL8
10049;Облигация биржевая;RU000A0JXSR3
10477;Облигация биржевая;RU000A0JXY10
10478;Облигация биржевая;RU000A0JXY28
5018;Облигация биржевая;RU000A0JXVY3
5019;Облигация биржевая;
5020;Облигация биржевая;
9292;Облигация биржевая;RU000A0JWB83
9293;Облигация биржевая;RU000A0JX8E6
9294;Облигация биржевая;
3337;Пай закрытого ПИФа;RU000A0JR7Y4
4914;Пай закрытого ПИФа;RU000A0JTQH6
3333;Пай закрытого ПИФа;RU000A0JR7V0
3338;Пай закрытого ПИФа;RU000A0JR7W8
4959;Облигация биржевая;RU000A0JTV50
4960;Облигация биржевая;
4961;Облигация биржевая;
6160;Пай интервального ПИФа;RU000A0JUR61
9550;Облигация корпоративная;RU000A0JWTJ0
10345;Облигация биржевая;RU000A0ZY9T1
10709;Облигация биржевая;
11044;Облигация биржевая;RU000A0ZZ8A2
11069;Облигация биржевая;RU000A0ZZAT8
5296;Облигация корпоративная;RU000A0JU179
6217;Облигация биржевая;RU000A0JVYD5
6218;Облигация биржевая;RU000A0JW4F3
6106;Облигация корпоративная;RU000A0JURQ3
6212;Облигация биржевая;RU000A0JV0G0
6107;Облигация корпоративная;RU000A0JURP5
9416;Облигация корпоративная;RU000A0JWWX5
4631;Пай закрытого ПИФа;RU000A0JT510
6123;Облигация биржевая;RU000A0JWWJ4
6124;Облигация биржевая;RU000A0JWWH8
6125;Облигация биржевая;
6126;Облигация биржевая;
9300;Облигация биржевая;
4299;Пай закрытого ПИФа;RU000A0JS991
8930;Пай закрытого ПИФа;RU000A0JVGP6
6064;Облигация корпоративная;RU000A0JUUB9
9170;Облигация биржевая;RU000A0JW2R2
9171;Облигация биржевая;RU000A0JWE72
9172;Облигация биржевая;RU000A0JWEP9
9173;Облигация биржевая;RU000A0JWES3
9174;Облигация биржевая;RU000A0JWG88
5384;Облигация биржевая;RU000A0JU6M6
5385;Облигация биржевая;RU000A0JWPF6
5386;Облигация биржевая;RU000A0JVUS1
5387;Облигация биржевая;RU000A0JVXS5
5388;Облигация биржевая;RU000A0JWVT5
4946;Облигация биржевая;
4947;Облигация биржевая;
4948;Облигация биржевая;
4949;Облигация биржевая;
5433;Облигация биржевая;RU000A0ZYA74
9254;Облигация биржевая;RU000A0ZYLB6
9255;Облигация биржевая;
9256;Облигация биржевая;RU000A0JWQX7
9257;Облигация биржевая;RU000A0JXN13
9258;Облигация биржевая;
9259;Облигация биржевая;
9260;Облигация биржевая;RU000A0JWLJ7
9253;Облигация биржевая;
10565;Облигация биржевая;
11008;Облигация биржевая;RU000A0ZZ695
5660;Облигация корпоративная;RU000A0JUDW1
11070;Облигация биржевая;RU000A0ZZ9X2
11488;Облигация биржевая;
6038;Облигация корпоративная;RU000A0JUT69
9515;Облигация биржевая;RU000A0JWPZ4
9853;Облигация биржевая;RU000A0JXLE6
4937;Облигация биржевая;
4938;Облигация биржевая;
4944;Облигация биржевая;RU000A0JW5J2
4945;Облигация биржевая;
9403;Облигация корпоративная;RU000A0JWKY8
9404;Облигация корпоративная;RU000A0JXMB0
9405;Облигация корпоративная;RU000A0JXPT5
10334;Облигация биржевая;RU000A0ZYZS0
10335;Облигация биржевая;RU000A0ZYB81
10336;Облигация биржевая;RU000A0ZYL30
10613;Облигация биржевая;
10614;Облигация биржевая;RU000A0ZYLR2
10615;Облигация биржевая;
10605;Облигация корпоративная;
11015;Облигация биржевая;RU000A0ZZNV7
9701;Облигация корпоративная;RU000A0JXFC2
9181;Облигация корпоративная;RU000A0JW8G2
2965;Облигация корпоративная;RU000A0JQXR7
5357;Облигация корпоративная;RU000A0JU336
8979;Облигация корпоративная;RU000A0JVQX9
8980;Облигация корпоративная;RU000A0JVQY7
9276;Облигация биржевая;
9610;Облигация биржевая;RU000A0JWWW7
9277;Облигация биржевая;
11265;Облигация биржевая;RU000A0ZZG93
9278;Облигация биржевая;
9279;Облигация биржевая;
9280;Облигация биржевая;
9281;Облигация биржевая;
9282;Облигация биржевая;
9283;Облигация биржевая;
9284;Облигация биржевая;
9285;Облигация биржевая;
9286;Облигация биржевая;
9287;Облигация биржевая;
10434;Облигация биржевая;RU000A0JXVE5
3710;Облигация корпоративная;RU000A0JRU20
3711;Облигация корпоративная;RU000A0JRU46
10829;Облигация биржевая;
11331;Облигация биржевая;
8791;Облигация корпоративная;RU000A0JVED7
11147;Облигация биржевая;RU000A0ZZEA0
11320;Облигация биржевая;RU000A0ZZMQ9
9848;Облигация корпоративная;RU000A0JXLU2
11455;Облигация корпоративная;
10682;Облигация корпоративная;RU000A0ZYMF5
11490;Облигация корпоративная;
5993;Облигация корпоративная;RU000A0JUQW3
6128;Облигация биржевая;RU000A0JV334
8921;Пай закрытого ПИФа;RU000A0JVJA2
8756;Пай закрытого ПИФа;RU000A0JUTH8
3702;Пай закрытого ПИФа;RU000A0JRTR3
5526;Пай закрытого ПИФа;RU000A0JU971
9121;Пай интервального ПИФа;RU000A0JVUA9
8827;Облигация корпоративная;RU000A0JVE57
10922;Облигация корпоративная;RU000A0ZZ4Z8
11143;Облигация корпоративная;RU000A0ZZC22
5793;Облигация биржевая;RU000A0JULR4
11461;Облигация биржевая;RU000A0ZZTK7
8809;Облигация корпоративная;RU000A0JVC42
2868;Пай закрытого ПИФа;RU000A0JQUE1
10402;Облигация биржевая;RU000A0JXY85
10927;Облигация биржевая;RU000A0ZZ141
10928;Облигация биржевая;RU000A0ZZ158
5969;Ипотечный сертификат участия;RU000A0JUP71
5016;Пай закрытого ПИФа;RU000A0JTVY1
11325;Пай биржевого ПИФа;AKNX
11392;Пай интервального ПИФа;RU000A0ZZCD8
11261;Пай закрытого ПИФа;RU000A0JVKZ7
3400;Пай закрытого ПИФа;RU000A0JRBT7
8919;Ипотечный сертификат участия;RU000A0JVEZ0
8914;Пай закрытого ПИФа;RU000A0JUZ61
2910;Пай интервального ПИФа;RU000A0JNK00
2911;Пай интервального ПИФа;RU000A0JNK34
876;Пай интервального ПИФа;RU000A0JP4U1
1156;Пай закрытого ПИФа;RU000A0JPNS8
5137;Ипотечный сертификат участия;RU000A0JTXM2
1529;Пай закрытого ПИФа;RU000A0JPY69
738;Пай закрытого ПИФа;RU000A0JNUM1
9421;Пай закрытого ПИФа;RU000A0JWJA0
1516;Пай закрытого ПИФа;RU000A0JPWL4
2857;Пай закрытого ПИФа;RU000A0JQT81
1121;Пай открытого ПИФа;RU000A0JPKJ3
1099;Пай закрытого ПИФа;RU000A0JPJR8
9785;Пай открытого ПИФа;RU000A0JX1H4
4370;Пай закрытого ПИФа;RU000A0JSGF3
5532;Пай закрытого ПИФа;RU000A0JU0G1
10538;Пай открытого ПИФа;RU000A0JURB5
3334;Пай закрытого ПИФа;RU000A0JR7Z1
3335;Пай закрытого ПИФа;RU000A0JR811
3336;Пай закрытого ПИФа;RU000A0JR7X6
1068;Пай закрытого ПИФа;RU000A0JPGC6
865;Пай закрытого ПИФа;RU000A0JP450
8913;Пай закрытого ПИФа;RU000A0JVGM3
10834;Облигация биржевая;RU000A0ZYSE5
9071;Облигация корпоративная;RU000A0JVXW7
9193;Облигация корпоративная;RU000A0JVZF7
9194;Облигация корпоративная;RU000A0JVZG5
8701;Облигация корпоративная;RU000A0JVE65
4315;Облигация корпоративная;RU000A0JTD37
5661;Облигация корпоративная;RU000A0JUDX9
9766;Облигация биржевая;RU000A0JX3X7
11469;Облигация биржевая;RU000A0ZZUZ3
3282;Облигация биржевая;
3283;Облигация биржевая;
3284;Облигация биржевая;
3285;Облигация биржевая;
1756;Облигация корпоративная;RU000A0JPZF9
9993;Облигация корпоративная;
5226;Облигация корпоративная;RU000A0JTZG9
5420;Облигация биржевая;
5421;Облигация биржевая;
5422;Облигация биржевая;
10913;Облигация биржевая;RU000A0ZZ0L6
5541;Облигация биржевая;
5542;Облигация биржевая;RU000A0JUN08
5543;Облигация биржевая;RU000A0JWC66
8708;Облигация биржевая;RU000A0JVBW3
9389;Облигация корпоративная;RU000A0JWKL5
10836;Облигация биржевая;RU000A0ZZ2V1
11262;Облигация биржевая;
8605;Облигация биржевая;RU000A0JXW87
10868;Облигация биржевая;RU000A0ZZ0Q5
5172;Облигация биржевая;RU000A0JU8S9
9920;Облигация биржевая;RU000A0JXPH0
5173;Облигация биржевая;
5174;Облигация биржевая;
10533;Облигация биржевая;RU000A0ZYAQ7
10926;Облигация биржевая;RU000A0ZZ1F6
10686;Облигация биржевая;RU000A0ZYJX4
11135;Облигация биржевая;RU000A0ZZAE0
11271;Облигация биржевая;RU000A0ZZGZ2
1658;Пай закрытого ПИФа;RU000A0JPZP8
1655;Пай закрытого ПИФа;RU000A0JPZL7
2512;Пай закрытого ПИФа;RU000A0JQ797
6228;Пай закрытого ПИФа;RU000A0JUKR6
3672;Пай закрытого ПИФа;RU000A0JRRN6
2777;Пай закрытого ПИФа;RU000A0JQP77
2778;Пай закрытого ПИФа;RU000A0JQPA9
2776;Пай закрытого ПИФа;RU000A0JQP93
4554;Пай закрытого ПИФа;RU000A0JT8U8
3917;Акция обыкновенная;KUNF
4638;Акция обыкновенная;MSST
4845;Акция обыкновенная;GTLC
1747;Акция обыкновенная;BLNG
5025;Облигация корпоративная;RU000A0JTWT9
10708;Облигация биржевая;RU000A0ZYLK7
4001;Акция обыкновенная;GAZT
3693;Акция обыкновенная;GAZS
3692;Акция обыкновенная;GAZC
4478;Акция обыкновенная;GTPR
3293;Акция обыкновенная;DZRD
3294;Акция привилегированная;DZRDP
4571;Акция обыкновенная;LVHK
10559;Облигация биржевая;RU000A0ZYHW0
269;Акция обыкновенная;LPSB
5082;Облигация биржевая;RU000A0JVYM6
5083;Облигация биржевая;
5084;Облигация биржевая;
5085;Облигация биржевая;RU000A0JWR51
9752;Облигация биржевая;RU000A0JX3H0
3976;Акция обыкновенная;NPOF
2465;Облигация корпоративная;RU000A0JQ5Q5
8851;Облигация корпоративная;RU000A0JVB19
8852;Облигация корпоративная;RU000A0JVB27
9014;Облигация корпоративная;RU000A0JVKH5
9732;Облигация корпоративная;RU000A0JX1S1
9434;Облигация корпоративная;RU000A0JWLU4
2661;Облигация биржевая;RU000A0JVW71
2664;Облигация биржевая;RU000A0JWD57
2665;Облигация биржевая;
5059;Облигация биржевая;RU000A0JTZM7
5060;Облигация биржевая;RU000A0JUCG6
5061;Облигация биржевая;RU000A0JXJK7
5062;Облигация биржевая;RU000A0JU542
5063;Облигация биржевая;RU000A0JU7B7
5064;Облигация биржевая;RU000A0JVJS4
5065;Облигация биржевая;RU000A0JU9M0
5066;Облигация биржевая;RU000A0JUX71
5067;Облигация биржевая;RU000A0JWHU2
5069;Облигация биржевая;RU000A0JTY57
5070;Облигация биржевая;RU000A0JUPZ8
5071;Облигация биржевая;
3540;Облигация корпоративная;RU000A0JRKC4
3541;Облигация корпоративная;RU000A0JRKD2
3542;Облигация корпоративная;RU000A0JRKM3
4113;Облигация корпоративная;RU000A0JS3M7
4109;Облигация корпоративная;RU000A0JS3L9
3742;Облигация корпоративная;RU000A0JRVU3
1636;Акция обыкновенная;JNOS
2983;Акция привилегированная;JNOSP
1626;Акция обыкновенная;MGNZ
3945;Акция обыкновенная;TGKO
2905;Облигация биржевая;
3898;Акция обыкновенная;ELTZ
3973;Акция обыкновенная;MGVM
3915;Акция обыкновенная;KRKO
3916;Акция привилегированная;KRKOP
183;Акция обыкновенная;ARSA
9613;Облигации иностранного эмитента;XS1506500039
8668;Облигации иностранного эмитента;XS0922301717
5399;Облигация субфедеральная;RU000A0JU5W7
5400;Облигация субфедеральная;RU000A0JU5X5
10339;Облигация биржевая;RU000A0JXTN0
5599;Облигация биржевая;RU000A0JVFS2
5600;Облигация биржевая;RU000A0JVFX2
5601;Облигация биржевая;RU000A0JVGJ9
5602;Облигация биржевая;RU000A0JVGK7
1280;Акция обыкновенная;NKNC
1281;Акция привилегированная;NKNCP
8788;Акция обыкновенная;SIBG
9426;Облигация биржевая;RU000A0JWLX8
10444;Облигация биржевая;RU000A0JXZM9
187;Акция обыкновенная;AVAZ
2426;Акция привилегированная;AVAZP
3892;Акция обыкновенная;ALNU
96;Акция обыкновенная;ARMD
10051;Акция обыкновенная;ACKO
4471;Акция обыкновенная;ABRD
1246;Акция обыкновенная;UTAR
3747;Акция обыкновенная;BANE
3748;Акция привилегированная;BANEP
4132;Облигация корпоративная;RU000A0JS3U0
9731;Облигация биржевая;RU000A0JX2P5
3651;Облигация биржевая;RU000A0JWH87
9753;Облигация биржевая;RU000A0JX2X9
3652;Облигация биржевая;RU000A0JVEQ9
9797;Облигация биржевая;RU000A0JX9X4
3653;Облигация биржевая;RU000A0JVFD4
5243;Облигация биржевая;RU000A0JUML5
5244;Облигация биржевая;RU000A0JWGC2
5245;Облигация биржевая;RU000A0JVHF5
5246;Облигация биржевая;RU000A0JWGD0
5247;Облигация биржевая;RU000A0JWX04
5248;Облигация биржевая;RU000A0JX2Q3
9045;Облигация биржевая;RU000A0JVUK8
9136;Облигация биржевая;RU000A0JVXZ0
9632;Облигация биржевая;RU000A0JWYQ5
9686;Облигация биржевая;RU000A0JWZY6
4206;Облигация биржевая;
4207;Облигация биржевая;
4208;Облигация биржевая;
4209;Облигация биржевая;
4210;Облигация биржевая;
4211;Облигация биржевая;
186;Акция обыкновенная;ASSB
3952;Акция обыкновенная;USBN
5363;Облигация биржевая;
11018;Облигация биржевая;RU000A0ZZ5A8
5364;Облигация биржевая;
5365;Облигация биржевая;
5366;Облигация биржевая;
5367;Облигация биржевая;
2875;Акция обыкновенная;BISV
2876;Акция привилегированная;BISVP
5262;Облигация биржевая;RU000A0JVG89
5263;Облигация биржевая;RU000A0JWFE0
4258;Акция обыкновенная;ALBK
3894;Акция обыкновенная;BRZL
4320;Акция обыкновенная;VTRS
7043;Облигация биржевая;RU000A0JW3R0
3954;Акция обыкновенная;VJGZ
3955;Акция привилегированная;VJGZP
4018;Облигация корпоративная;RU000A0JS1S8
1249;Акция обыкновенная;VDSB
1253;Акция обыкновенная;VLHZ
1251;Акция обыкновенная;VGSB
1252;Акция привилегированная;VGSBP
8586;Облигация корпоративная;RU000A0JV102
4452;Облигация биржевая;
4454;Облигация биржевая;
4455;Облигация биржевая;
9140;Облигация биржевая;RU000A0JVYN4
9141;Облигация биржевая;RU000A0JVYP9
4464;Акция обыкновенная;VSYD
4463;Акция привилегированная;VSYDP
5375;Облигация биржевая;
5376;Облигация биржевая;RU000A0JVUN2
5377;Облигация биржевая;RU000A0JVUP7
5378;Облигация биржевая;
1633;Акция обыкновенная;GAZA
10925;Акция привилегированная;GAZAP
7999;Акция обыкновенная;GTSS
5463;Облигация корпоративная;RU000A0JU807
5789;Облигация биржевая;
5790;Облигация биржевая;
5791;Облигация биржевая;
5792;Облигация биржевая;
4566;Акция обыкновенная;RTGZ
1190;Акция обыкновенная;SIBN
3323;Облигация корпоративная;RU000A0JR878
2848;Облигация биржевая;RU000A0JWRE5
9910;Облигация биржевая;RU000A0JXNF9
10483;Облигация биржевая;RU000A0JXYL4
2850;Облигация биржевая;RU000A0JWK41
10604;Облигация биржевая;RU000A0ZYDS7
2851;Облигация биржевая;RU000A0JWRF2
10723;Облигация биржевая;RU000A0ZYLC4
10724;Облигация биржевая;RU000A0ZYLQ4
10893;Облигация биржевая;RU000A0ZYXV9
3598;Облигация биржевая;
3599;Облигация биржевая;
3600;Облигация биржевая;
3601;Облигация биржевая;
3602;Облигация биржевая;
3603;Облигация биржевая;
3605;Облигация биржевая;
3606;Облигация биржевая;
3607;Облигация биржевая;
3608;Облигация биржевая;
3609;Облигация биржевая;
3610;Облигация биржевая;
3611;Облигация биржевая;
3612;Облигация биржевая;
3613;Облигация биржевая;
3614;Облигация биржевая;
3615;Облигация биржевая;
3616;Облигация биржевая;RU000A0JUAN6
3617;Облигация биржевая;RU000A0JUAP1
3621;Облигация биржевая;
3622;Облигация биржевая;
3623;Облигация биржевая;
3624;Облигация биржевая;
3625;Облигация биржевая;
5734;Депозитарные расписки иностранного эмитента на акции;OGZD
22;Акция обыкновенная;HALS
5719;Облигация биржевая;RU000A0JW5C7
5720;Облигация биржевая;
5721;Облигация биржевая;
5722;Облигация биржевая;
9032;Акция обыкновенная;GRNT
4634;Акция обыкновенная;RLMN
5822;Акция привилегированная;RLMNP
7070;Облигация биржевая;
3342;Облигация биржевая;
1279;Акция обыкновенная;GCHE
203;Акция обыкновенная;DASB
1538;Акция обыкновенная;FESH
2894;Облигация биржевая;RU000A0JVCQ3
2895;Облигация биржевая;RU000A0JTY24
5932;Облигация биржевая;
5933;Облигация биржевая;
5934;Облигация биржевая;
5936;Облигация биржевая;
5937;Облигация биржевая;
5938;Облигация биржевая;
9890;Акция обыкновенная;EELT
8836;Акция обыкновенная;UTSY
3746;Акция обыкновенная;ZVEZ
3959;Акция обыкновенная;ZILL
1277;Акция обыкновенная;ZMZN
1278;Акция привилегированная;ZMZNP
5970;Облигация корпоративная;RU000A0JUP63
8703;Акция обыкновенная;IDVP
9129;Облигация биржевая;RU000A0JWCW9
3754;Акция обыкновенная;RUSI
1535;Акция обыкновенная;OPIN
9832;Облигация биржевая;RU000A0JXLM9
10629;Облигация биржевая;RU000A0ZYG37
3902;Акция обыкновенная;IGST
3904;Акция привилегированная;IGSTP
4682;Облигация корпоративная;RU000A0JTHF9
5320;Облигация корпоративная;RU000A0JU278
245;Акция обыкновенная;ISKJ
3423;Облигация биржевая;
3424;Облигация биржевая;
3425;Облигация биржевая;
3426;Облигация биржевая;
3427;Облигация биржевая;
3428;Облигация биржевая;
3429;Облигация биржевая;
3430;Облигация биржевая;
3431;Облигация биржевая;
3432;Облигация биржевая;
3433;Облигация биржевая;
3434;Облигация биржевая;
3435;Облигация биржевая;
3436;Облигация биржевая;
3437;Облигация биржевая;
3438;Облигация биржевая;
255;Акция обыкновенная;KLSB
1212;Акция обыкновенная;TGKD
1213;Акция привилегированная;TGKDP
4435;Облигация биржевая;
4436;Облигация биржевая;
4437;Облигация биржевая;
4438;Облигация биржевая;
3242;Акция обыкновенная;KSGR
5662;Облигация биржевая;
5663;Облигация биржевая;
5664;Облигация биржевая;RU000A0JVDF4
1540;Акция обыкновенная;KOGK
3907;Акция обыкновенная;KMTZ
260;Акция обыкновенная;KTSB
261;Акция привилегированная;KTSBP
3240;Облигация биржевая;
3241;Облигация биржевая;
266;Акция обыкновенная;KZMS
1664;Акция обыкновенная;KRSB
1663;Акция привилегированная;KRSBP
2863;Акция обыкновенная;KBTK
3905;Акция обыкновенная;KAZT
3906;Акция привилегированная;KAZTP
4507;Акция привилегированная;KGKCP
1706;Акция обыкновенная;MERF
3408;Акция обыкновенная;
3325;Акция обыкновенная;MNFD
5144;Облигация биржевая;
3367;Облигация биржевая;
3368;Облигация биржевая;
3369;Облигация биржевая;
3370;Облигация биржевая;
5204;Облигация биржевая;
9377;Облигация биржевая;RU000A0JWGG3
5205;Облигация биржевая;
9411;Облигация биржевая;RU000A0JWKA8
5206;Облигация биржевая;
1599;Акция обыкновенная;ODVA
5138;Облигация биржевая;
5139;Облигация биржевая;
5140;Облигация биржевая;
5141;Облигация биржевая;
1378;Акция обыкновенная;MRKK
5750;Облигация биржевая;
5751;Облигация биржевая;
5752;Облигация биржевая;
5073;Облигация биржевая;
5074;Облигация биржевая;
5075;Облигация биржевая;
5188;Облигация биржевая;RU000A0JVYL8
5189;Облигация биржевая;RU000A0JWR44
1483;Акция обыкновенная;MRKY
6026;Облигация биржевая;RU000A0JXVT3
2491;Облигация корпоративная;RU000A0JQ8V9
3067;Облигация корпоративная;RU000A0JR0K8
3068;Облигация корпоративная;RU000A0JR0J0
3346;Облигация корпоративная;RU000A0JR8L9
3347;Облигация корпоративная;RU000A0JR8P0
3525;Облигация корпоративная;RU000A0JRJS2
3526;Облигация корпоративная;RU000A0JRJT0
3527;Облигация корпоративная;RU000A0JRJY0
1771;Облигация биржевая;
1770;Облигация биржевая;
1769;Облигация биржевая;
1766;Облигация биржевая;
1765;Облигация биржевая;
1764;Облигация биржевая;
4535;Облигация биржевая;
4536;Облигация биржевая;
4537;Облигация биржевая;
4538;Облигация биржевая;
4539;Облигация биржевая;
4540;Облигация биржевая;
277;Акция обыкновенная;MRSB
3922;Акция обыкновенная;MORI
1176;Акция обыкновенная;MGTS
1175;Акция привилегированная;MGTSP
258;Акция обыкновенная;KROT
337;Акция привилегированная;KROTP
5227;Облигация биржевая;RU000A0JUUU9
5228;Облигация биржевая;RU000A0JWJX2
5229;Облигация биржевая;RU000A0JWNK1
5231;Облигация биржевая;RU000A0JWEZ8
8899;Облигация корпоративная;RU000A0JVFE2
3923;Акция обыкновенная;MUGS
3924;Акция привилегированная;MUGSP
3998;Акция обыкновенная;NSVZ
244;Акция обыкновенная;IRKT
5275;Облигация биржевая;
5276;Облигация биржевая;
8898;Облигация корпоративная;RU000A0JVMU4
9164;Облигация биржевая;RU000A0JWE64
11418;Облигация биржевая;
3671;Акция обыкновенная;NFAZ
1734;Облигация биржевая;
1735;Облигация биржевая;
1736;Облигация биржевая;
1737;Облигация биржевая;
1738;Облигация биржевая;
1739;Облигация биржевая;
1740;Облигация биржевая;
1741;Облигация биржевая;
1742;Облигация биржевая;
1743;Облигация биржевая;
3926;Акция обыкновенная;NKSH
4189;Облигация биржевая;
4191;Облигация биржевая;
4192;Облигация биржевая;
4193;Облигация биржевая;
1554;Акция обыкновенная;SATR
3375;Облигация корпоративная;RU000A0JRA65
4923;Акция обыкновенная;UCSS
2811;Акция обыкновенная;OMSH
2869;Акция обыкновенная;PRTK
3929;Акция обыкновенная;PAZA
303;Акция обыкновенная;PMSB
304;Акция привилегированная;PMSBP
3648;Акция обыкновенная;PLSM
4019;Облигация корпоративная;RU000A0JS1J7
9366;Облигация биржевая;RU000A0JWEU9
4375;Облигация биржевая;RU000A0JUVF8
4377;Облигация биржевая;RU000A0JUVG6
4378;Облигация биржевая;
4379;Облигация биржевая;
4380;Облигация биржевая;
3248;Акция обыкновенная;RBCM
3895;Акция обыкновенная;CHGZ
1561;Акция обыкновенная;ROST
4390;Облигация биржевая;RU000A0JWDN6
4416;Облигация биржевая;
4417;Облигация биржевая;
4418;Облигация биржевая;
1317;Акция обыкновенная;RKKE
5813;Облигация биржевая;RU000A0JWRM8
5814;Облигация биржевая;RU000A0JWRN6
5816;Облигация биржевая;RU000A0JVZ94
5817;Облигация биржевая;RU000A0JVZP6
5818;Облигация биржевая;
5819;Облигация биржевая;
5820;Облигация биржевая;
5821;Облигация биржевая;
5884;Депозитарные расписки иностранного эмитента на акции;RSDR
3765;Акция обыкновенная;RUGR
5294;Акция обыкновенная;ROLO
1557;Акция обыкновенная;RUSP
1185;Акция обыкновенная;RZSB
9329;Облигация корпоративная;RU000A0JWBK6
9508;Облигация корпоративная;RU000A0JWNV8
9557;Облигация корпоративная;RU000A0JWU72
11066;Облигация биржевая;
11067;Облигация биржевая;
11068;Облигация биржевая;
6060;Облигация корпоративная;RU000A0JUVT9
3913;Акция обыкновенная;KRKN
3914;Акция привилегированная;KRKNP
3749;Акция обыкновенная;SARE
3750;Акция привилегированная;SAREP
4691;Облигация биржевая;
4692;Облигация биржевая;
9933;Облигация биржевая;RU000A0JXPE7
4693;Облигация биржевая;
4694;Облигация биржевая;
4695;Облигация биржевая;
10934;Облигация биржевая;RU000A0ZZ0Z6
4696;Облигация биржевая;
4697;Облигация биржевая;
11010;Облигация биржевая;RU000A0ZZ3U1
4698;Облигация биржевая;
11031;Облигация биржевая;RU000A0ZZ5U6
4699;Облигация биржевая;
11029;Облигация биржевая;RU000A0ZZ7U2
4700;Облигация биржевая;
11030;Облигация биржевая;RU000A0ZZAJ9
4701;Облигация биржевая;
11106;Облигация биржевая;RU000A0ZZ992
4702;Облигация биржевая;
4703;Облигация биржевая;
11164;Облигация биржевая;RU000A0ZZDM7
4704;Облигация биржевая;
11167;Облигация биржевая;RU000A0ZZD88
4705;Облигация биржевая;
11193;Облигация биржевая;RU000A0ZZE38
4706;Облигация биржевая;
11258;Облигация биржевая;RU000A0ZZEU8
11263;Облигация биржевая;RU000A0ZZFC3
11275;Облигация биржевая;RU000A0ZZHD7
4710;Облигация биржевая;
11292;Облигация биржевая;RU000A0ZZKS9
4711;Облигация биржевая;
11293;Облигация биржевая;RU000A0ZZKR1
4712;Облигация биржевая;
11316;Облигация биржевая;RU000A0ZZL54
4713;Облигация биржевая;
11326;Облигация биржевая;RU000A0ZZMA3
4714;Облигация биржевая;
11329;Облигация биржевая;RU000A0ZZMB1
4715;Облигация биржевая;
11389;Облигация биржевая;RU000A0ZZP19
4716;Облигация биржевая;
11387;Облигация биржевая;RU000A0ZZP35
4717;Облигация биржевая;
11390;Облигация биржевая;RU000A0ZZP27
4718;Облигация биржевая;
11408;Облигация биржевая;RU000A0ZZPE8
4719;Облигация биржевая;
4720;Облигация биржевая;
11415;Облигация биржевая;RU000A0ZZQ18
4721;Облигация биржевая;
11419;Облигация биржевая;RU000A0ZZQK3
4722;Облигация биржевая;
11452;Облигация биржевая;RU000A0ZZRU0
4723;Облигация биржевая;
11454;Облигация биржевая;RU000A0ZZSJ1
4724;Облигация биржевая;
11456;Облигация биржевая;RU000A0ZZSK9
4725;Облигация биржевая;
11462;Облигация биржевая;RU000A0ZZT15
4726;Облигация биржевая;
11468;Облигация биржевая;RU000A0ZZTW2
11467;Облигация биржевая;RU000A0ZZTX0
4728;Облигация биржевая;
11475;Облигация биржевая;RU000A0ZZUX8
4729;Облигация биржевая;
11497;Облигация биржевая;
4730;Облигация биржевая;
11495;Облигация биржевая;
4731;Облигация биржевая;
4733;Облигация биржевая;
4734;Облигация биржевая;
4735;Облигация биржевая;
4736;Облигация биржевая;
4737;Облигация биржевая;
4738;Облигация биржевая;
4739;Облигация биржевая;
4740;Облигация биржевая;
4741;Облигация биржевая;
6110;Облигация биржевая;
8722;Облигация биржевая;
8723;Облигация биржевая;
8724;Облигация биржевая;
8725;Облигация биржевая;
8726;Облигация биржевая;
8727;Облигация биржевая;
8728;Облигация биржевая;
8729;Облигация биржевая;
8730;Облигация биржевая;
8731;Облигация биржевая;
8732;Облигация биржевая;
8733;Облигация биржевая;
8734;Облигация биржевая;
8735;Облигация биржевая;
8736;Облигация биржевая;
8737;Облигация биржевая;
8738;Облигация биржевая;
8739;Облигация биржевая;
8740;Облигация биржевая;
8741;Облигация биржевая;
8742;Облигация биржевая;
8743;Облигация биржевая;
8744;Облигация биржевая;
8745;Облигация биржевая;
8746;Облигация биржевая;
8747;Облигация биржевая;
8748;Облигация биржевая;
8749;Облигация биржевая;
8750;Облигация биржевая;
8751;Облигация биржевая;
8752;Облигация биржевая;
8753;Облигация биржевая;
8754;Облигация биржевая;
1621;Акция обыкновенная;SZPR
4371;Облигация биржевая;
4372;Облигация биржевая;
4373;Облигация биржевая;
4374;Облигация биржевая;
5426;Облигация корпоративная;RU000A0JU716
5980;Облигация биржевая;RU000A0JWTW3
5981;Облигация биржевая;RU000A0JWTX1
5982;Облигация биржевая;RU000A0JX0Y1
5983;Облигация биржевая;RU000A0JX1A9
9845;Облигация корпоративная;RU000A0JXKQ2
5638;Облигация биржевая;
5641;Облигация биржевая;
5643;Облигация биржевая;
5644;Облигация биржевая;
1199;Акция обыкновенная;STSB
1200;Акция привилегированная;STSBP
1255;Акция обыкновенная;VRSB
1256;Акция привилегированная;VRSBP
248;Акция обыкновенная;KBSB
274;Акция обыкновенная;MISB
275;Акция привилегированная;MISBP
287;Акция обыкновенная;NNSB
288;Акция привилегированная;NNSBP
316;Акция обыкновенная;RTSB
317;Акция привилегированная;RTSBP
1274;Акция обыкновенная;YRSB
1275;Акция привилегированная;YRSBP
9518;Облигация корпоративная;RU000A0JWQ45
4308;Облигация биржевая;
4309;Облигация биржевая;RU000A0JTYQ1
4310;Облигация биржевая;
4311;Облигация биржевая;
4312;Облигация биржевая;
1205;Акция обыкновенная;TASB
1206;Акция привилегированная;TASBP
3943;Акция обыкновенная;TANL
3944;Акция привилегированная;TANLP
1231;Акция обыкновенная;TTLK
4022;Облигация корпоративная;RU000A0JS1W0
4135;Облигация корпоративная;RU000A0JS470
1210;Акция обыкновенная;TGKB
1211;Акция привилегированная;TGKBP
5373;Облигация биржевая;RU000A0JU7L6
1224;Акция обыкновенная;TORS
1225;Акция привилегированная;TORSP
11257;Акция обыкновенная;TRFM
11446;Акция обыкновенная;
2824;Облигация биржевая;RU000A0JWS92
2825;Облигация биржевая;RU000A0JXPK4
5380;Облигация биржевая;RU000A0JWCM0
5436;Депозитарные расписки иностранного эмитента на акции;TMKS
1548;Акция обыкновенная;TUZA
3304;Акция обыкновенная;TUCH
1537;Акция обыкновенная;UKUZ
1238;Акция обыкновенная;URKA
9543;Облигация биржевая;RU000A0JWU15
9544;Облигация биржевая;RU000A0JWUA7
4257;Акция обыкновенная;URKZ
5304;Облигация биржевая;
5305;Облигация биржевая;
5307;Облигация биржевая;
8609;Облигация биржевая;
8610;Облигация биржевая;
8611;Облигация биржевая;
3198;Акция обыкновенная;LIFE
3439;Облигация корпоративная;RU000A0JRFN1
3440;Облигация корпоративная;RU000A0JRFP6
3168;Облигация корпоративная;RU000A0JR3M8
3169;Облигация корпоративная;RU000A0JR3L0
5185;Облигация корпоративная;RU000A0JTYJ6
5352;Облигация корпоративная;RU000A0JU2K9
5353;Облигация корпоративная;RU000A0JU2L7
5184;Облигация корпоративная;RU000A0JTYK4
5449;Облигация корпоративная;RU000A0JU7S1
5588;Облигация корпоративная;RU000A0JUC92
5589;Облигация корпоративная;RU000A0JUCA9
8835;Облигация корпоративная;RU000A0JVCB5
8845;Облигация корпоративная;RU000A0JVDD9
9984;Акция обыкновенная;HKOL
3900;Акция обыкновенная;HIMC
3901;Акция привилегированная;HIMCP
3069;Акция обыкновенная;TRCN
4533;Облигация биржевая;
5881;Депозитарные расписки иностранного эмитента на акции;TCDR
1582;Акция обыкновенная;CNTL
3720;Акция привилегированная;CNTLP
4212;Акция обыкновенная;PRFN
10938;Облигация биржевая;RU000A0ZZD39
1688;Акция обыкновенная;CHKZ
1689;Акция обыкновенная;CHMK
1723;Акция обыкновенная;CHEP
199;Акция обыкновенная;CLSB
200;Акция привилегированная;CLSBP
4226;Акция обыкновенная;UNKL
3957;Акция обыкновенная;YAKG
1273;Акция обыкновенная;YKEN
1512;Акция привилегированная;YKENP
1265;Акция привилегированная;VZRZP
4398;Акция обыкновенная;KUZB
5448;Облигация корпоративная;RU000A0JU872
3471;Облигация биржевая;
4350;Облигация биржевая;RU000A0JV3L4
2923;Акция обыкновенная;DIOD
4259;Акция обыкновенная;MOBB
3925;Акция обыкновенная;NAUK
297;Акция привилегированная;OMZZP
312;Акция обыкновенная;ROSB
6109;Облигация корпоративная;RU000A0JUV57
9008;Облигация корпоративная;RU000A0JVSG0
10398;Облигация биржевая;RU000A0JXUH0
10684;Облигация биржевая;RU000A0ZYH44
4803;Облигация биржевая;
4804;Облигация биржевая;
4805;Облигация биржевая;
5219;Облигация биржевая;
5220;Облигация биржевая;RU000A0JWHT4
5221;Облигация биржевая;
5222;Облигация биржевая;
5223;Облигация биржевая;
5451;Облигация биржевая;
5452;Облигация биржевая;
5456;Облигация биржевая;
5457;Облигация биржевая;
5458;Облигация биржевая;RU000A0JUL67
5459;Облигация биржевая;RU000A0JUL91
5460;Облигация биржевая;RU000A0JULA0
5461;Облигация биржевая;RU000A0JULC6
5511;Акция обыкновенная;RGSS
10529;Облигация биржевая;RU000A0ZYE54
10940;Облигация биржевая;RU000A0ZZ2U3
11276;Облигация биржевая;RU000A0ZZKP5
5037;Облигация биржевая;
5038;Облигация биржевая;
5039;Облигация биржевая;RU000A0JUMX0
5040;Облигация биржевая;
249;Акция обыкновенная;KCHE
1504;Акция привилегированная;KCHEP
270;Акция обыкновенная;LSNG
271;Акция привилегированная;LSNGP
5093;Облигация биржевая;
5094;Облигация биржевая;
5095;Облигация биржевая;
5096;Облигация биржевая;RU000A0JVLM3
3164;Акция обыкновенная;MAGE
3170;Акция привилегированная;MAGEP
3706;Акция обыкновенная;SAGO
3707;Акция привилегированная;SAGOP
8324;Акция обыкновенная;SLEN
262;Акция обыкновенная;KUBE
9135;Облигация биржевая;RU000A0JVZK7
9134;Облигация биржевая;RU000A0JVYK0
6089;Облигации иностранного эмитента;XS0861981180
9972;Облигации иностранного эмитента;XS1589106910
8669;Облигации иностранного эмитента;XS1143363940
9656;Облигации иностранного эмитента;XS1510534677
9002;Облигации иностранного эмитента;XS0783242877
9432;Облигации иностранного эмитента;XS1352979923
4462;Облигация корпоративная;RU000A0JT1B3
629;Пай закрытого ПИФа;RU000A0HHJG2
10714;Пай закрытого ПИФа;RU000A0ZYF79
9189;Облигации иностранного эмитента;XS0911599701
5358;Облигации иностранного эмитента;RU000A0JRTT9
3992;Облигации иностранного эмитента;RU000A0JRTS1
4529;Облигация корпоративная;RU000A0JT8R4
4530;Облигация корпоративная;RU000A0JT8T0
9047;Облигация биржевая;RU000A0JVZY8
9747;Облигация биржевая;RU000A0JX2V3
9339;Облигация биржевая;RU000A0JWGV2
9948;Облигация биржевая;RU000A0JXRD5
9340;Облигация биржевая;RU000A0JWTL6
9949;Облигация биржевая;RU000A0JXS59
9341;Облигация биржевая;RU000A0JXMP0
11023;Облигация биржевая;RU000A0ZZ5H3
11024;Облигация биржевая;RU000A0ZZ5J9
9305;Акции иностранного биржевого инвестиционного фонда;FXRL
5497;Акции иностранного биржевого инвестиционного фонда;FXAU
5499;Акции иностранного биржевого инвестиционного фонда;FXUS
5891;Акции иностранного биржевого инвестиционного фонда;FXMM
11269;Облигация Банка России;RU000A0ZZKN0
11420;Облигация Банка России;RU000A0ZZPG3
11421;Облигация Банка России;RU000A0ZZSH5
9263;Облигации иностранного эмитента;XS0948666770
2724;Облигация биржевая;
2725;Облигация биржевая;
1177;Акция обыкновенная;PRMB
5972;Облигация корпоративная;RU000A0JUQ13
8641;Облигация биржевая;RU000A0JV8U4
9996;Облигация биржевая;RU000A0JXT17
8642;Облигация биржевая;RU000A0JVRM0
8643;Облигация биржевая;RU000A0JVLH3
338;Акция обыкновенная;MFGS
339;Акция привилегированная;MFGSP
265;Акция обыкновенная;KMEZ
4662;Облигация биржевая;
4663;Облигация биржевая;
4664;Облигация биржевая;
4665;Облигация биржевая;
